,File,Name,Type,Bind,X_Bind,Neutralize,X_Neutralize,Domain,Origin
0,cov/6lzg.pdb,SARS-CoV2 Apo + Native Receptor Structures,,,,,,,
1,cov/CA1.pdb,CA1,Ab,SARS-CoV2,,SARS-CoV2,,S; RBD,PBMCs; SARS CoV2 Recovering Human Patients
2,cov/7c01.pdb,CB6,Ab,SARS-CoV2,,SARS-CoV2,,S; RBD,PBMCs; SARS CoV2 Recovering Human Patients
3,cov/C002.pdb,C002,Ab,SARS-CoV2,SARS-CoV1,SARS-CoV2,SARS-CoV1,S; RBD,B-cells; SARS CoV2 Convalescent Humans
4,cov/C003.pdb,C003,Ab,SARS-CoV2,SARS-CoV1,SARS-CoV2 (weak),SARS-CoV1,S; RBD,B-cells; SARS CoV2 Convalescent Humans
5,cov/C004.pdb,C004,Ab,SARS-CoV2,SARS-CoV1,SARS-CoV2,SARS-CoV1,S; RBD,B-cells; SARS CoV2 Convalescent Humans
6,cov/C005.pdb,C005,Ab,SARS-CoV2,SARS-CoV1,SARS-CoV2,SARS-CoV1,S; RBD,B-cells; SARS CoV2 Convalescent Humans
7,cov/C006.pdb,C006,Ab,SARS-CoV2,SARS-CoV1,SARS-CoV2 (weak),SARS-CoV1,S; RBD,B-cells; SARS CoV2 Convalescent Humans
8,cov/C008.pdb,C008,Ab,SARS-CoV2,SARS-CoV1,SARS-CoV2 (weak),SARS-CoV1,S; RBD,B-cells; SARS CoV2 Convalescent Humans
9,cov/C009.pdb,C009,Ab,SARS-CoV2,SARS-CoV1,SARS-CoV2,SARS-CoV1,S; RBD,B-cells; SARS CoV2 Convalescent Humans
10,cov/C010.pdb,C010,Ab,SARS-CoV2,SARS-CoV1,,"SARS-CoV1, SARS-CoV2",S; RBD,B-cells; SARS CoV2 Convalescent Humans
11,cov/C013.pdb,C013,Ab,SARS-CoV2,SARS-CoV1,SARS-CoV2 (weak),SARS-CoV1,S; RBD,B-cells; SARS CoV2 Convalescent Humans
12,cov/C016.pdb,C016,Ab,SARS-CoV2,SARS-CoV1,,"SARS-CoV1, SARS-CoV2",S; RBD,B-cells; SARS CoV2 Convalescent Humans
13,cov/C017.pdb,C017,Ab,SARS-CoV2,SARS-CoV1,SARS-CoV2,SARS-CoV1,S; RBD,B-cells; SARS CoV2 Convalescent Humans
14,cov/C018.pdb,C018,Ab,SARS-CoV2,SARS-CoV1,,"SARS-CoV1, SARS-CoV2",S; RBD,B-cells; SARS CoV2 Convalescent Humans
15,cov/C019.pdb,C019,Ab,SARS-CoV2,SARS-CoV1,,"SARS-CoV1, SARS-CoV2",S; RBD,B-cells; SARS CoV2 Convalescent Humans
16,cov/C021.pdb,C021,Ab,SARS-CoV2,SARS-CoV1,,"SARS-CoV1, SARS-CoV2",S; RBD,B-cells; SARS CoV2 Convalescent Humans
17,cov/C022.pdb,C022,Ab,"SARS-CoV1, SARS-CoV2",,SARS-CoV2,,S; RBD,B-cells; SARS CoV2 Convalescent Humans
18,cov/C027.pdb,C027,Ab,"SARS-CoV1 (weak), SARS-CoV2",,,SARS-CoV2,S; RBD,B-cells; SARS CoV2 Convalescent Humans
19,cov/C029.pdb,C029,Ab,SARS-CoV2,SARS-CoV1,,"SARS-CoV1, SARS-CoV2",S; RBD,B-cells; SARS CoV2 Convalescent Humans
20,cov/C030.pdb,C030,Ab,SARS-CoV2,SARS-CoV1,,"SARS-CoV1, SARS-CoV2",S; RBD,B-cells; SARS CoV2 Convalescent Humans
21,cov/C031.pdb,C031,Ab,SARS-CoV2,SARS-CoV1,,"SARS-CoV1, SARS-CoV2",S; RBD,B-cells; SARS CoV2 Convalescent Humans
22,cov/C101.pdb,C101,Ab,SARS-CoV2,SARS-CoV1,SARS-CoV2,SARS-CoV1,S; RBD,B-cells; SARS CoV2 Convalescent Humans
23,cov/C102.pdb,C102,Ab,SARS-CoV2,SARS-CoV1,SARS-CoV2,SARS-CoV1,S; RBD,B-cells; SARS CoV2 Convalescent Humans
24,cov/C103.pdb,C103,Ab,SARS-CoV2,SARS-CoV1,SARS-CoV2,SARS-CoV1,S; RBD,B-cells; SARS CoV2 Convalescent Humans
25,cov/C104.pdb,C104,Ab,SARS-CoV2,SARS-CoV1,SARS-CoV2,SARS-CoV1,S; RBD,B-cells; SARS CoV2 Convalescent Humans
26,cov/C105.pdb,C105,Ab,SARS-CoV2,SARS-CoV1,SARS-CoV2,SARS-CoV1,S; RBD,B-cells; SARS CoV2 Convalescent Humans
27,cov/C106.pdb,C106,Ab,"SARS-CoV1, SARS-CoV2",,,SARS-CoV2,S; RBD,B-cells; SARS CoV2 Convalescent Humans
28,cov/C107.pdb,C107,Ab,SARS-CoV2,SARS-CoV1,,"SARS-CoV1, SARS-CoV2",S; RBD,B-cells; SARS CoV2 Convalescent Humans
29,cov/C108.pdb,C108,Ab,SARS-CoV2,SARS-CoV1,SARS-CoV2 (weak),SARS-CoV1,S; RBD,B-cells; SARS CoV2 Convalescent Humans
30,cov/C109.pdb,C109,Ab,SARS-CoV2,,,,S; RBD,B-cells; SARS CoV2 Convalescent Humans
31,cov/C110.pdb,C110,Ab,SARS-CoV2,SARS-CoV1,SARS-CoV2,SARS-CoV1,S; RBD,B-cells; SARS CoV2 Convalescent Humans
32,cov/C111.pdb,C111,Ab,SARS-CoV2,,,,S; RBD,B-cells; SARS CoV2 Convalescent Humans
33,cov/C112.pdb,C112,Ab,SARS-CoV2,SARS-CoV1,SARS-CoV2 (weak),SARS-CoV1,S; RBD,B-cells; SARS CoV2 Convalescent Humans
34,cov/C113.pdb,C113,Ab,SARS-CoV2,SARS-CoV1,,"SARS-CoV1, SARS-CoV2",S; RBD,B-cells; SARS CoV2 Convalescent Humans
35,cov/C114.pdb,C114,Ab,SARS-CoV2,SARS-CoV1,,"SARS-CoV1, SARS-CoV2",S; RBD,B-cells; SARS CoV2 Convalescent Humans
36,cov/C115.pdb,C115,Ab,SARS-CoV2,SARS-CoV1,SARS-CoV2 (weak),SARS-CoV1,S; RBD,B-cells; SARS CoV2 Convalescent Humans
37,cov/C116.pdb,C116,Ab,SARS-CoV2,SARS-CoV1,,"SARS-CoV1, SARS-CoV2",S; RBD,B-cells; SARS CoV2 Convalescent Humans
38,cov/C117.pdb,C117,Ab,SARS-CoV2,SARS-CoV1,SARS-CoV2 (weak),SARS-CoV1,S; RBD,B-cells; SARS CoV2 Convalescent Humans
39,cov/C118.pdb,C118,Ab,"SARS-CoV1, SARS-CoV2",,SARS-CoV2 (weak),,S; RBD,B-cells; SARS CoV2 Convalescent Humans
40,cov/C119.pdb,C119,Ab,SARS-CoV2,SARS-CoV1,SARS-CoV2,SARS-CoV1,S; RBD,B-cells; SARS CoV2 Convalescent Humans
41,cov/C120.pdb,C120,Ab,SARS-CoV2,SARS-CoV1,SARS-CoV2,SARS-CoV1,S; RBD,B-cells; SARS CoV2 Convalescent Humans
42,cov/C121.pdb,C121,Ab,SARS-CoV2,SARS-CoV1,SARS-CoV2,SARS-CoV1,S; RBD,B-cells; SARS CoV2 Convalescent Humans
43,cov/C122.pdb,C122,Ab,SARS-CoV2,SARS-CoV1,SARS-CoV2,SARS-CoV1,S; RBD,B-cells; SARS CoV2 Convalescent Humans
44,cov/C123.pdb,C123,Ab,SARS-CoV2,SARS-CoV1,SARS-CoV2,SARS-CoV1,S; RBD,B-cells; SARS CoV2 Convalescent Humans
45,cov/C124.pdb,C124,Ab,SARS-CoV2,SARS-CoV1,SARS-CoV2 (weak),SARS-CoV1,S; RBD,B-cells; SARS CoV2 Convalescent Humans
46,cov/C125.pdb,C125,Ab,SARS-CoV2,SARS-CoV1,SARS-CoV2,SARS-CoV1,S; RBD,B-cells; SARS CoV2 Convalescent Humans
47,cov/C126.pdb,C126,Ab,SARS-CoV2,SARS-CoV1,,"SARS-CoV1, SARS-CoV2",S; RBD,B-cells; SARS CoV2 Convalescent Humans
48,cov/C127.pdb,C127,Ab,SARS-CoV2,SARS-CoV1,SARS-CoV2,SARS-CoV1,S; RBD,B-cells; SARS CoV2 Convalescent Humans
49,cov/C128.pdb,C128,Ab,SARS-CoV2,SARS-CoV1,SARS-CoV2,SARS-CoV1,S; RBD,B-cells; SARS CoV2 Convalescent Humans
50,cov/C130.pdb,C130,Ab,SARS-CoV2,SARS-CoV1,,"SARS-CoV1, SARS-CoV2",S; RBD,B-cells; SARS CoV2 Convalescent Humans
51,cov/C131.pdb,C131,Ab,SARS-CoV2,SARS-CoV1,SARS-CoV2,SARS-CoV1,S; RBD,B-cells; SARS CoV2 Convalescent Humans
52,cov/C132.pdb,C132,Ab,SARS-CoV2,SARS-CoV1,SARS-CoV2 (weak),SARS-CoV1,S; RBD,B-cells; SARS CoV2 Convalescent Humans
53,cov/C133.pdb,C133,Ab,SARS-CoV2,SARS-CoV1,,"SARS-CoV1, SARS-CoV2",S; RBD,B-cells; SARS CoV2 Convalescent Humans
54,cov/C134.pdb,C134,Ab,SARS-CoV2,SARS-CoV1,,"SARS-CoV1, SARS-CoV2",S; RBD,B-cells; SARS CoV2 Convalescent Humans
55,cov/C135.pdb,C135,Ab,SARS-CoV2,SARS-CoV1,SARS-CoV2,SARS-CoV1,S; RBD,B-cells; SARS CoV2 Convalescent Humans
56,cov/C138.pdb,C138,Ab,SARS-CoV2,SARS-CoV1,,"SARS-CoV1, SARS-CoV2",S; RBD,B-cells; SARS CoV2 Convalescent Humans
57,cov/C139.pdb,C139,Ab,SARS-CoV2,SARS-CoV1,,"SARS-CoV1, SARS-CoV2",S; RBD,B-cells; SARS CoV2 Convalescent Humans
58,cov/C140.pdb,C140,Ab,SARS-CoV2,SARS-CoV1,SARS-CoV2,SARS-CoV1,S; RBD,B-cells; SARS CoV2 Convalescent Humans
59,cov/C141.pdb,C141,Ab,SARS-CoV2,SARS-CoV1,,"SARS-CoV1, SARS-CoV2",S; RBD,B-cells; SARS CoV2 Convalescent Humans
60,cov/C143.pdb,C143,Ab,SARS-CoV2,SARS-CoV1,,"SARS-CoV1, SARS-CoV2",S; RBD,B-cells; SARS CoV2 Convalescent Humans
61,cov/C144.pdb,C144,Ab,SARS-CoV2,SARS-CoV1,SARS-CoV2,SARS-CoV1,S; RBD,B-cells; SARS CoV2 Convalescent Humans
62,cov/C145.pdb,C145,Ab,SARS-CoV2,SARS-CoV1,SARS-CoV2,SARS-CoV1,S; RBD,B-cells; SARS CoV2 Convalescent Humans
63,cov/C146.pdb,C146,Ab,SARS-CoV2,SARS-CoV1,,"SARS-CoV1, SARS-CoV2",S; non-RBD,B-cells; SARS CoV2 Convalescent Humans
64,cov/C147.pdb,C147,Ab,SARS-CoV2,SARS-CoV1,,"SARS-CoV1, SARS-CoV2",S; non-RBD,B-cells; SARS CoV2 Convalescent Humans
65,cov/C148.pdb,C148,Ab,SARS-CoV2,SARS-CoV1,,"SARS-CoV1, SARS-CoV2",S; RBD,B-cells; SARS CoV2 Convalescent Humans
66,cov/C150.pdb,C150,Ab,SARS-CoV2,SARS-CoV1,,"SARS-CoV1, SARS-CoV2",S; RBD,B-cells; SARS CoV2 Convalescent Humans
67,cov/C151.pdb,C151,Ab,SARS-CoV2,SARS-CoV1,SARS-CoV2 (weak),SARS-CoV1,S; RBD,B-cells; SARS CoV2 Convalescent Humans
68,cov/C153.pdb,C153,Ab,SARS-CoV2,SARS-CoV1,SARS-CoV2 (weak),SARS-CoV1,S; RBD,B-cells; SARS CoV2 Convalescent Humans
69,cov/C154.pdb,C154,Ab,"SARS-CoV1, SARS-CoV2",,SARS-CoV2 (weak),,S; RBD,B-cells; SARS CoV2 Convalescent Humans
70,cov/C155.pdb,C155,Ab,SARS-CoV2,SARS-CoV1,SARS-CoV2,SARS-CoV1,S; RBD,B-cells; SARS CoV2 Convalescent Humans
71,cov/C156.pdb,C156,Ab,SARS-CoV2,SARS-CoV1,,"SARS-CoV1, SARS-CoV2",S; RBD,B-cells; SARS CoV2 Convalescent Humans
72,cov/C164.pdb,C164,Ab,SARS-CoV2,SARS-CoV1,SARS-CoV2 (weak),SARS-CoV1,S; RBD,B-cells; SARS CoV2 Convalescent Humans
73,cov/C165.pdb,C165,Ab,SARS-CoV2,SARS-CoV1,SARS-CoV2,SARS-CoV1,S; RBD,B-cells; SARS CoV2 Convalescent Humans
74,cov/C201.pdb,C201,Ab,SARS-CoV2,SARS-CoV1,,"SARS-CoV1, SARS-CoV2",S; RBD,B-cells; SARS CoV2 Convalescent Humans
75,cov/C202.pdb,C202,Ab,SARS-CoV2,SARS-CoV1,,"SARS-CoV1, SARS-CoV2",S; RBD,B-cells; SARS CoV2 Convalescent Humans
76,cov/C204.pdb,C204,Ab,"SARS-CoV1, SARS-CoV2",,,SARS-CoV2,S; RBD,B-cells; SARS CoV2 Convalescent Humans
77,cov/C205.pdb,C205,Ab,SARS-CoV2,SARS-CoV1,,"SARS-CoV1, SARS-CoV2",S; non-RBD,B-cells; SARS CoV2 Convalescent Humans
78,cov/C207.pdb,C207,Ab,SARS-CoV2,SARS-CoV1,SARS-CoV2 (weak),SARS-CoV1,S; RBD,B-cells; SARS CoV2 Convalescent Humans
79,cov/C208.pdb,C208,Ab,SARS-CoV2,SARS-CoV1,,"SARS-CoV1, SARS-CoV2",S; non-RBD,B-cells; SARS CoV2 Convalescent Humans
80,cov/C210.pdb,C210,Ab,SARS-CoV2,SARS-CoV1,SARS-CoV2,SARS-CoV1,S; RBD,B-cells; SARS CoV2 Convalescent Humans
81,cov/C211.pdb,C211,Ab,SARS-CoV2,SARS-CoV1,SARS-CoV2,SARS-CoV1,S; RBD,B-cells; SARS CoV2 Convalescent Humans
82,cov/C212.pdb,C212,Ab,SARS-CoV2,SARS-CoV1,,"SARS-CoV1, SARS-CoV2",S; non-RBD,B-cells; SARS CoV2 Convalescent Humans
83,cov/C214.pdb,C214,Ab,SARS-CoV2,SARS-CoV1,,"SARS-CoV1, SARS-CoV2",S; RBD,B-cells; SARS CoV2 Convalescent Humans
84,cov/C215.pdb,C215,Ab,"SARS-CoV1, SARS-CoV2",,,SARS-CoV2,S; RBD,B-cells; SARS CoV2 Convalescent Humans
85,cov/C216.pdb,C216,Ab,SARS-CoV2,SARS-CoV1,,"SARS-CoV1, SARS-CoV2",S; RBD,B-cells; SARS CoV2 Convalescent Humans
86,cov/7bz5.pdb,B38,Ab,SARS-CoV2,,SARS-CoV2,,S; RBD,PBMCs from SARS CoV2 Human Patients
87,cov/H4.pdb,H4,Ab,SARS-CoV2,,SARS-CoV2,,S; RBD,PBMCs from SARS CoV2 Human Patients
88,cov/6w41.pdb,CR3022,Ab,"SARS-CoV1, SARS-CoV2",,SARS-CoV1,SARS-CoV2,S; RBD,SARS CoV1 Human Patient
89,cov/6wps.pdb,S309,Ab,"SARS-CoV1, SARS-CoV2",,SARS-CoV2 and SARS-CoV1,,S; RBD,Memory B-cells; SARS CoV1 Human Patient
90,cov/Sb1.pdb,Sb#1,Nb,SARS-CoV2,,,,S; RBD,Phage Display
91,cov/Sb2.pdb,Sb#2,Nb,SARS-CoV2,,,,S; RBD,Phage Display
92,cov/Sb3.pdb,Sb#3,Nb,SARS-CoV2,,,,S; RBD,Phage Display
93,cov/Sb4.pdb,Sb#4,Nb,SARS-CoV2,,,,S; RBD,Phage Display
94,cov/Sb5.pdb,Sb#5,Nb,SARS-CoV2,,,,S; RBD,Phage Display
95,cov/Sb6.pdb,Sb#6,Nb,SARS-CoV2,,,,S; RBD,Phage Display
96,cov/Sb7.pdb,Sb#7,Nb,SARS-CoV2,,,,S; RBD,Phage Display
97,cov/Sb8.pdb,Sb#8,Nb,SARS-CoV2,,,,S; RBD,Phage Display
98,cov/Sb9.pdb,Sb#9,Nb,SARS-CoV2,,,,S; RBD,Phage Display
99,cov/Sb10.pdb,Sb#10,Nb,SARS-CoV2,,,,S; RBD,Phage Display
100,cov/Sb11.pdb,Sb#11,Nb,SARS-CoV2,,,,S; RBD,Phage Display
101,cov/Sb12.pdb,Sb#12,Nb,SARS-CoV2,,,,S; RBD,Phage Display
102,cov/Sb13.pdb,Sb#13,Nb,SARS-CoV2,,,,S; RBD,Phage Display
103,cov/Sb14.pdb,Sb#14,Nb,SARS-CoV2,,,,S; RBD,Phage Display
104,cov/Sb15.pdb,Sb#15,Nb,SARS-CoV2,,,,S; RBD,Phage Display
105,cov/Sb16.pdb,Sb#16,Nb,SARS-CoV2,,,,S; RBD,Phage Display
106,cov/Sb17.pdb,Sb#17,Nb,SARS-CoV2,,,,S; RBD,Phage Display
107,cov/Sb18.pdb,Sb#18,Nb,SARS-CoV2,,,,S; RBD,Phage Display
108,cov/Sb19.pdb,Sb#19,Nb,SARS-CoV2,,,,S; RBD,Phage Display
109,cov/Sb20.pdb,Sb#20,Nb,SARS-CoV2,,,,S; RBD,Phage Display
110,cov/Sb21.pdb,Sb#21,Nb,SARS-CoV2,,,,S; RBD,Phage Display
111,cov/Sb22.pdb,Sb#22,Nb,SARS-CoV2,,,,S; RBD,Phage Display
112,cov/Sb23.pdb,Sb#23,Nb,SARS-CoV2,,,,S; RBD,Phage Display
113,cov/Sb25.pdb,Sb#25,Nb,SARS-CoV2,,,,S; RBD,Phage Display
114,cov/Sb26.pdb,Sb#26,Nb,SARS-CoV2,,,,S; RBD,Phage Display
115,cov/Sb27.pdb,Sb#27,Nb,SARS-CoV2,,,,S; RBD,Phage Display
116,cov/Sb28.pdb,Sb#28,Nb,SARS-CoV2,,,,S; RBD,Phage Display
117,cov/Sb29.pdb,Sb#29,Nb,SARS-CoV2,,,,S; RBD,Phage Display
118,cov/Sb30.pdb,Sb#30,Nb,SARS-CoV2,,,,S; RBD,Phage Display
119,cov/Sb31.pdb,Sb#31,Nb,SARS-CoV2,,,,S; RBD,Phage Display
120,cov/Sb32.pdb,Sb#32,Nb,SARS-CoV2,,,,S; RBD,Phage Display
121,cov/Sb33.pdb,Sb#33,Nb,SARS-CoV2,,,,S; RBD,Phage Display
122,cov/Sb34.pdb,Sb#34,Nb,SARS-CoV2,,,,S; RBD,Phage Display
123,cov/Sb35.pdb,Sb#35,Nb,SARS-CoV2,,,,S; RBD,Phage Display
124,cov/Sb36.pdb,Sb#36,Nb,SARS-CoV2,,,,S; RBD,Phage Display
125,cov/Sb37.pdb,Sb#37,Nb,SARS-CoV2,,,,S; RBD,Phage Display
126,cov/Sb38.pdb,Sb#38,Nb,SARS-CoV2,,,,S; RBD,Phage Display
127,cov/Sb39.pdb,Sb#39,Nb,SARS-CoV2,,,,S; RBD,Phage Display
128,cov/Sb40.pdb,Sb#40,Nb,SARS-CoV2,,,,S; RBD,Phage Display
129,cov/Sb41.pdb,Sb#41,Nb,SARS-CoV2,,,,S; RBD,Phage Display
130,cov/Sb42.pdb,Sb#42,Nb,SARS-CoV2,,,,S; RBD,Phage Display
131,cov/Sb45.pdb,Sb#45,Nb,SARS-CoV2,,,,S; RBD,Phage Display
132,cov/Sb46.pdb,Sb#46,Nb,SARS-CoV2,,,,S; RBD,Phage Display
133,cov/Sb47.pdb,Sb#47,Nb,SARS-CoV2,,,,S; RBD,Phage Display
134,cov/Sb48.pdb,Sb#48,Nb,SARS-CoV2,,,,S; RBD,Phage Display
135,cov/Sb49.pdb,Sb#49,Nb,SARS-CoV2,,,,S; RBD,Phage Display
136,cov/Sb50.pdb,Sb#50,Nb,SARS-CoV2,,,,S; RBD,Phage Display
137,cov/Sb51.pdb,Sb#51,Nb,SARS-CoV2,,,,S; RBD,Phage Display
138,cov/Sb52.pdb,Sb#52,Nb,SARS-CoV2,,,,S; RBD,Phage Display
139,cov/Sb53.pdb,Sb#53,Nb,SARS-CoV2,,,,S; RBD,Phage Display
140,cov/Sb55.pdb,Sb#55,Nb,SARS-CoV2,,,,S; RBD,Phage Display
141,cov/Sb56.pdb,Sb#56,Nb,SARS-CoV2,,,,S; RBD,Phage Display
142,cov/Sb58.pdb,Sb#58,Nb,SARS-CoV2,,,,S; RBD,Phage Display
143,cov/Sb59.pdb,Sb#59,Nb,SARS-CoV2,,,,S; RBD,Phage Display
144,cov/Sb61.pdb,Sb#61,Nb,SARS-CoV2,,,,S; RBD,Phage Display
145,cov/Sb62.pdb,Sb#62,Nb,SARS-CoV2,,,,S; RBD,Phage Display
146,cov/Sb63.pdb,Sb#63,Nb,SARS-CoV2,,,,S; RBD,Phage Display
147,cov/Sb64.pdb,Sb#64,Nb,SARS-CoV2,,,,S; RBD,Phage Display
148,cov/Sb65.pdb,Sb#65,Nb,SARS-CoV2,,,,S; RBD,Phage Display
149,cov/Sb66.pdb,Sb#66,Nb,SARS-CoV2,,,,S; RBD,Phage Display
150,cov/Sb67.pdb,Sb#67,Nb,SARS-CoV2,,,,S; RBD,Phage Display
151,cov/Sb68.pdb,Sb#68,Nb,SARS-CoV2,,,,S; RBD,Phage Display
152,cov/Sb69.pdb,Sb#69,Nb,SARS-CoV2,,,,S; RBD,Phage Display
153,cov/Sb71.pdb,Sb#71,Nb,SARS-CoV2,,,,S; RBD,Phage Display
154,cov/6waq.pdb,VHH-72,Nb,"SARS-CoV1, SARS-CoV2",,SARS-CoV2 and SARS-CoV1,,S; RBD,Immunised Llama
155,cov/2ajf.pdb,SARS CoV1 Apo + Native Receptor Structures,,,,,,,
156,cov/6nb6.pdb,S230 [S230.15],Ab,SARS-CoV1,SARS-CoV2,SARS-CoV1,SARS-CoV2,S; RBD,Memory B-cells; SARS CoV1 Human Patient
157,cov/2ghw.pdb,80R,Ab,SARS-CoV1,,SARS-CoV1,,S; RBD,Non-immune Human Ab Library
158,cov/80R_cs5.pdb,80R-cs5,Ab,SARS-CoV1,,SARS-CoV1,,S; RBD,Derived from 80R
159,cov/80R_cs25.pdb,80R-cs25,Ab,SARS-CoV1,,SARS-CoV1,,S; RBD,Derived from 80R
160,cov/80R_cs34.pdb,80R-cs34,Ab,SARS-CoV1,,SARS-CoV1,,S; RBD,Derived from 80R
161,cov/80R_cs84.pdb,80R-cs84,Ab,SARS-CoV1,,SARS-CoV1,,S; RBD,Derived from 80R
162,cov/80R_cs110.pdb,80R-cs110,Ab,SARS-CoV1,,SARS-CoV1,,S; RBD,Derived from 80R
163,cov/10C.pdb,10C,Ab,SARS-CoV1,,SARS-CoV1,,S; RBD,Non-immune Human Phage Display Library
164,cov/11A.pdb,11A,Ab,SARS-CoV1,,SARS-CoV1,,S; RBD,Non-immune Human Phage Display Library
165,cov/15D.pdb,15D,Ab,SARS-CoV1,,SARS-CoV1,,S; RBD,Non-immune Human Phage Display Library
166,cov/23E.pdb,23E,Ab,SARS-CoV1,,SARS-CoV1,,S; RBD,Non-immune Human Phage Display Library
167,cov/28G.pdb,28G,Ab,SARS-CoV1,,SARS-CoV1,,S; RBD,Non-immune Human Phage Display Library
168,cov/256.pdb,256,Ab,SARS-CoV1,,SARS-CoV1,,S; RBD,Non-immune Human Phage Display Library
169,cov/2g75.pdb,m396,Ab,SARS-CoV1,,SARS-CoV1,,S; RBD,Healthy Human Ab Library
170,cov/CR3001.pdb,CR3001,Ab,SARS-CoV1,,,,S; Unk,Semisynthetic Human Phage Display Library
171,cov/CR3002.pdb,CR3002,Ab,SARS-CoV1,,,,S; Unk,Semisynthetic Human Phage Display Library
172,cov/CR3006.pdb,CR3006,Ab,SARS-CoV1,,SARS-CoV1 (weak),,S; RBD,Semisynthetic Human Phage Display Library
173,cov/CR3009.pdb,CR3009,Ab,SARS-CoV1,,,,S; NTD,Semisynthetic Human Phage Display Library
174,cov/CR3013.pdb,CR3013,Ab,SARS-CoV1,,SARS-CoV1,,S; RBD,Semisynthetic Human Phage Display Library
175,cov/CR3014.pdb,CR3014,Ab,SARS-CoV1,,SARS-CoV1,,S; RBD,Semisynthetic Human Phage Display Library
176,cov/CR3015.pdb,CR3015,Ab,SARS-CoV1,,,SARS-CoV1,S; RBD,Semisynthetic Human Phage Display Library
177,cov/CR3018.pdb,CR3018,Ab,SARS-CoV1,,,,S; NTD,Semisynthetic Human Phage Display Library
178,cov/M1A.pdb,M1A,Ab,SARS-CoV1,,SARS-CoV1,,S; Unk,Immune Human Phage Display Library
179,cov/F26G1.pdb,F26G1,Ab,SARS-CoV1,,,SARS-CoV1,S,Immunised Mice
180,cov/F26G3.pdb,F26G3,Ab,SARS-CoV1,,SARS-CoV1,,Unk,Immunised Mice
181,cov/F26G6.pdb,F26G6,Ab,SARS-CoV1,,,SARS-CoV1,S,Immunised Mice
182,cov/F26G7.pdb,F26G7,Ab,SARS-CoV1,,SARS-CoV1,,Unk,Immunised Mice
183,cov/F26G8.pdb,F26G8,Ab,SARS-CoV1,,,SARS-CoV1,S,Immunised Mice
184,cov/F26G9.pdb,F26G9,Ab,SARS-CoV1,,SARS-CoV1,,Unk,Immunised Mice
185,cov/F26G10.pdb,F26G10,Ab,SARS-CoV1,,SARS-CoV1,,Unk,Immunised Mice
186,cov/F26G18.pdb,F26G18,Ab,SARS-CoV1,,SARS-CoV1,,S,Immunised Mice
187,cov/3bgf.pdb,F26G19,Ab,SARS-CoV1,,SARS-CoV1,,S; RBD,Immunised Mice
188,cov/201.pdb,201,Ab,SARS-CoV1,,SARS-CoV1,,S; RBD,Transgenic Mice (HuMab)
189,cov/1B5.pdb,1B5,Ab,SARS-CoV1,,SARS-CoV1,,S; NTD,Transgenic Mice (Xenomouse)
190,cov/3A7.pdb,3A7 | 5A7 | 5D3 | 6B8,Ab,SARS-CoV1,,SARS-CoV1,,S; RBD,Transgenic Mice (Xenomouse)
191,cov/3C7.pdb,3C7,Ab,SARS-CoV1,,SARS-CoV1,,S; RBD,Transgenic Mice (Xenomouse)
192,cov/3F3.pdb,3F3 | 6C2,Ab,SARS-CoV1,,SARS-CoV1,,S; RBD,Transgenic Mice (Xenomouse)
193,cov/3H12.pdb,3H12,Ab,SARS-CoV1,,SARS-CoV1,,S; RBD,Transgenic Mice (Xenomouse)
194,cov/4A10.pdb,4A10 | 5A5,Ab,SARS-CoV1,,SARS-CoV1,,S; RBD,Transgenic Mice (Xenomouse)
195,cov/4E2.pdb,4E2,Ab,SARS-CoV1,,SARS-CoV1,,S; RBD,Transgenic Mice (Xenomouse)
196,cov/4G2.pdb,4G2 | 5C12.2 | 6C1,Ab,SARS-CoV1,,SARS-CoV1,,S; RBD,Transgenic Mice (Xenomouse)
197,cov/5D6.pdb,5D6,Ab,SARS-CoV1,,SARS-CoV1,,S; RBD,Transgenic Mice (Xenomouse)
198,cov/5E4.pdb,5E4,Ab,SARS-CoV1,,SARS-CoV1,,S; RBD,Transgenic Mice (Xenomouse)
199,cov/6B1.pdb,6B1,Ab,SARS-CoV1,,SARS-CoV1,,S; RBD,Transgenic Mice (Xenomouse)
200,cov/6B5.pdb,6B5 | 5C12.1,Ab,SARS-CoV1,,SARS-CoV1,,S; RBD,Transgenic Mice (Xenomouse)
201,cov/1G3.pdb,1G3,Ab,SARS-CoV1,,SARS-CoV1,,S; Unk,Transgenic Mice (Xenomouse)
202,cov/2B10_1.pdb,"2B10 [.1,.2,.3]",Ab,SARS-CoV1,,SARS-CoV1,,S; Unk,Transgenic Mice (Xenomouse)
203,cov/2B10_4.pdb,2B10.4,Ab,SARS-CoV1,,SARS-CoV1,,S; Unk,Transgenic Mice (Xenomouse)
204,cov/5D1_1.pdb,5D1.1,Ab,SARS-CoV1,,SARS-CoV1,,S; Unk,Transgenic Mice (Xenomouse)
205,cov/5D1_3.pdb,5D1.3,Ab,SARS-CoV1,,SARS-CoV1,,S; Unk,Transgenic Mice (Xenomouse)
206,cov/5D1_4.pdb,5D1.4,Ab,SARS-CoV1,,SARS-CoV1,,S; Unk,Transgenic Mice (Xenomouse)
207,cov/5D1_5.pdb,5D1.5,Ab,SARS-CoV1,,SARS-CoV1,,S; Unk,Transgenic Mice (Xenomouse)
208,cov/5E1_1.pdb,"5E1 [.1,.2,.3]",Ab,SARS-CoV1,,SARS-CoV1,,S; Unk,Transgenic Mice (Xenomouse)
209,cov/5E10_1.pdb,"5E10 [.1,.2]",Ab,SARS-CoV1,,SARS-CoV1,,S; Unk,Transgenic Mice (Xenomouse)
210,cov/8C.pdb,8C,Ab,SARS-CoV1,,SARS-CoV1,,S; RBD,Non-immune Human Ab Library
211,cov/12E.pdb,12E,Ab,SARS-CoV1,,SARS-CoV1,,S; RBD,Non-immune Human Ab Library
212,cov/26H.pdb,26H,Ab,SARS-CoV1,,SARS-CoV1,,S; RBD,Non-immune Human Ab Library
213,cov/27D.pdb,27D,Ab,SARS-CoV1,,SARS-CoV1,,S; RBD,Non-immune Human Ab Library
214,cov/91M.pdb,91M,Ab,SARS-CoV1,,SARS-CoV1,,S; RBD,Non-immune Human Ab Library
215,cov/92N.pdb,92N,Ab,SARS-CoV1,,SARS-CoV1,,S; RBD,Non-immune Human Ab Library
216,cov/AS3-3-Paper.pdb,AS3-3-Paper,Ab,SARS-CoV1,,SARS-CoV1,,S; Unk,Humanised from Immunised Mice
217,cov/AS3_3.pdb,AS3-3-Patent,Ab,SARS-CoV1,,SARS-CoV1,,S; Unk,Humanised from Immunised Mice
218,cov/S2a.pdb,S2a,Ab,SARS-CoV1,,SARS-CoV1,,S; S2,Humanised from Immunised Mice
219,cov/S2b.pdb,S2b,Ab,SARS-CoV1,,SARS-CoV1,,S; S2,Humanised from Immunised Mice
220,cov/7S1.pdb,7S1,Ab,SARS-CoV1,,,,S; Unk,B-cells; SARS CoV1 Human Patient
221,cov/7S2.pdb,7S2,Ab,SARS-CoV1,,,,S; Unk,B-cells; SARS CoV1 Human Patient
222,cov/B1.pdb,B1,Ab,SARS-CoV1,,SARS-CoV1,,S; S2,Phage Display Library from SARS Convalescent Human Patients
223,cov/N18.pdb,N18,Ab,SARS-CoV1,,,,NP,Immune Human Phage Display Library
224,cov/SA59B.pdb,SA59B,Ab,SARS-CoV1,,,,Unk,Single Chain Human Antibody Phage Display Libraries
225,cov/m390.pdb,m390,Ab,SARS-CoV1,,,,S; RBD,Non-immune Human Umblical Cord Blood
226,cov/H12.pdb,H12,Ab,SARS-CoV1,,,,S1,Immune Human Phage Display Library
227,cov/L9N01.pdb,L9N01,Ab,SARS-CoV1,,,,NP,Immunised Mice
228,cov/Ssc35.pdb,Ssc35,Ab,SARS-CoV1,,,,S; S2,Immune Chicken scFv Phage Display Library
229,cov/4kqz.pdb,MERS Apo + Native Receptor Structures,,,,,,,
230,cov/4xak.pdb,m336,Ab,MERS-CoV,,MERS-CoV,,S; RBD,MERS Human Patient
231,cov/m337.pdb,m337,Ab,MERS-CoV,,MERS-CoV,,S; RBD,MERS Human Patient
232,cov/m338.pdb,m338,Ab,MERS-CoV,,MERS-CoV,,S; RBD,MERS Human Patient
233,cov/5gmq.pdb,MCA-1,Ab,MERS-CoV,,MERS-CoV,,S; RBD,Peripheral B Cells; MERS Human Patient
234,cov/6j11.pdb,7D10,Ab,MERS-CoV,,MERS-CoV,,S; NTD,Immunised Mice
235,cov/6pxg.pdb,G2,Ab,MERS-CoV,,MERS-CoV,,S; NTD,Immunised Mice
236,cov/5w9h.pdb,G4,Ab,MERS-CoV,,MERS-CoV,,S; S2,Immunised Mice
237,cov/MERS_1.pdb,MERS-1,Ab,MERS-CoV,,,MERS-CoV,S; RBD,Human scFv Yeast Display Library
238,cov/MERS_2.pdb,MERS-2,Ab,MERS-CoV,,,MERS-CoV,S; RBD,Human scFv Yeast Display Library
239,cov/5zxv.pdb,MERS-4,Ab,MERS-CoV,,MERS-CoV,,S; RBD,Human scFv Yeast Display Library
240,cov/5yy5.pdb,MERS-4V2,Ab,MERS-CoV,,MERS-CoV,,S; RBD,Human scFv Yeast Display Library
241,cov/MERS_6.pdb,MERS-6,Ab,MERS-CoV,,,MERS-CoV,S; RBD,Human scFv Yeast Display Library
242,cov/MERS_7.pdb,MERS-7,Ab,MERS-CoV,,,MERS-CoV,S; RBD,Human scFv Yeast Display Library
243,cov/MERS_14.pdb,MERS-14,Ab,MERS-CoV,,,MERS-CoV,S; RBD,Human scFv Yeast Display Library
244,cov/MERS_18.pdb,MERS-18,Ab,MERS-CoV,,,MERS-CoV,S; RBD,Human scFv Yeast Display Library
245,cov/4zs6.pdb,MERS-27,Ab,MERS-CoV,,MERS-CoV,,S; RBD,Human scFv Yeast Display Library
246,cov/MERS_36.pdb,MERS-36,Ab,MERS-CoV,,,MERS-CoV,S; RBD,Human scFv Yeast Display Library
247,cov/MERS_72.pdb,MERS-72,Ab,MERS-CoV,,,MERS-CoV,S; RBD,Human scFv Yeast Display Library
248,cov/MERS_84.pdb,MERS-84,Ab,MERS-CoV,,,MERS-CoV,S; RBD,Human scFv Yeast Display Library
249,cov/MERS_93.pdb,MERS-93,Ab,MERS-CoV,,,MERS-CoV,S; RBD,Human scFv Yeast Display Library
250,cov/6nb3.pdb,LCA60,Ab,MERS-CoV,,MERS-CoV,,S; RBD,MERS Human Patient
251,cov/2E6.pdb,2E6,Ab,MERS-CoV,,MERS-CoV,,S; RBD,Immunised Mice
252,cov/5do2.pdb,4C2,Ab,MERS-CoV,,MERS-CoV,,S; RBD,Immunised Mice
253,cov/4zpt.pdb,D12,Ab,MERS-CoV,,MERS-CoV,,S; RBD,Immunised Mice
254,cov/1E9.pdb,1E9,Ab,MERS-CoV,,MERS-CoV,,S; RBD,Non-immune Human Phage Display Library
255,cov/1F8.pdb,1F8,Ab,MERS-CoV,,MERS-CoV,,S; RBD,Non-immune Human Phage Display Library
256,cov/3A1.pdb,3A1,Ab,MERS-CoV,,MERS-CoV,,S; RBD,Non-immune Human Phage Display Library
257,cov/3B11.pdb,3B11,Ab,MERS-CoV,,MERS-CoV,,S; RBD,Non-immune Human Phage Display Library
258,cov/3B12.pdb,3B12,Ab,MERS-CoV,,MERS-CoV,,S; RBD,Non-immune Human Phage Display Library
259,cov/3C12.pdb,3C12,Ab,MERS-CoV,,MERS-CoV,,S; RBD,Non-immune Human Phage Display Library
260,cov/M14D3.pdb,M14D3,Ab,MERS-CoV,,MERS-CoV,, S; RBD,Non-immune Human Phage Display Library
261,cov/F11.pdb,F11,Ab,MERS-CoV,,MERS-CoV,,S; RBD,Immunised Mice
262,cov/FIBH1.pdb,FIB-H1,Ab,MERS-CoV,,MERS-CoV,,S; non-RBD S1,Immunised Rhesus Macaques
263,cov/FIBB2.pdb,FIB-B2,Ab,MERS-CoV,,MERS-CoV,,S; Unk,Immunised Rhesus Macaques
264,cov/JC57_11.pdb,JC57-11,Ab,MERS-CoV,,MERS-CoV,,S; RBD,Immunised Rhesus Macaques
265,cov/JC57_13.pdb,JC57-13,Ab,MERS-CoV,,MERS-CoV,,S; non-RBD S1,Immunised Rhesus Macaques
266,cov/6c6x.pdb,JC57-14,Ab,MERS-CoV,,MERS-CoV,,S; RBD,Immunised Rhesus Macaques
267,cov/CDC_A2.pdb,CDC-A2,Ab,MERS-CoV,,MERS-CoV,,S; non-RBD S1,MERS Human Patient
268,cov/CDC_A10.pdb,CDC-A10,Ab,MERS-CoV,,MERS-CoV,,S; non-RBD S1,MERS Human Patient
269,cov/6c6z.pdb,CDC-C2,Ab,MERS-CoV,,MERS-CoV,,S; RBD,MERS Human Patient
270,cov/CDC_C5.pdb,CDC-C5,Ab,MERS-CoV,,MERS-CoV,,S; RBD,MERS Human Patient
271,cov/77A5.pdb,77-A5,Ab,MERS-CoV,,MERS-CoV,,S; RBD,Human Origin
272,cov/77A6.pdb,77-A6,Ab,MERS-CoV,,MERS-CoV,,S; RBD,Human Origin
273,cov/90A3.pdb,90-A3,Ab,MERS-CoV,,,MERS-CoV,S; S1 non-RBD,Human Origin
274,cov/90A9.pdb,90-A9,Ab,MERS-CoV,,,MERS-CoV,S; S1 non-RBD,Human Origin
275,cov/90B2.pdb,90-B2,Ab,MERS-CoV,,,MERS-CoV,S; S1 non-RBD,Human Origin
276,cov/90B7.pdb,90-B7,Ab,MERS-CoV,,,MERS-CoV,S; S1 non-RBD,Human Origin
277,cov/90C4.pdb,90-C4,Ab,MERS-CoV,,,MERS-CoV,S; S1 non-RBD,Human Origin
278,cov/90E5.pdb,90-E5,Ab,MERS-CoV,,MERS-CoV,,S; RBD,Human Origin
279,cov/90E6.pdb,90-E6,Ab,MERS-CoV,,,MERS-CoV,S; RBD,Human Origin
280,cov/90F1.pdb,90-F1,Ab,MERS-CoV,,MERS-CoV,,S; RBD,Human Origin
281,cov/90F2.pdb,90-F2,Ab,MERS-CoV,,MERS-CoV,,S; RBD,Human Origin
282,cov/KR101828794.pdb,KR101828794,Ab,MERS-CoV,,MERS-CoV,,S; RBD,"Peripheral B-cells, Recovered Human Patient"
283,cov/S2A3.pdb,S2A3,Ab,MERS-CoV,,MERS-CoV,,S; S2,Human Phage Display Library
284,cov/S2A6.pdb,S2A6,Ab,MERS-CoV,,MERS-CoV,,S; S2,Human Phage Display Library
285,cov/S2D5.pdb,S2D5,Ab,MERS-CoV,,MERS-CoV,,S; S2,Human Phage Display Library
286,cov/H1H15177P.pdb,H1H15177P,Ab,MERS-CoV,,MERS-CoV,,S; Possibly RBD,Recombinant Human
287,cov/H1H15188P.pdb,H1H15188P,Ab,MERS-CoV,,MERS-CoV,,S; Possibly RBD,Recombinant Human
288,cov/H1H15203P.pdb,H1H15203P,Ab,MERS-CoV,,,,S; Possibly RBD,Recombinant Human
289,cov/H1H15208P.pdb,H1H15208P,Ab,MERS-CoV,,,,S; Possibly RBD,Recombinant Human
290,cov/H1H15211P.pdb,H1H15211P,Ab,MERS-CoV,,MERS-CoV,,S; Possibly RBD,Recombinant Human
291,cov/H1H15215P.pdb,H1H15215P,Ab,MERS-CoV,,,,S; Possibly RBD,Recombinant Human
292,cov/H1H15228P2.pdb,H1H15228P2,Ab,MERS-CoV,,,,S; Possibly RBD,Recombinant Human
293,cov/H1H15231P2.pdb,H1H15231P2,Ab,MERS-CoV,,,,S; Possibly RBD,Recombinant Human
294,cov/H1H15233P2.pdb,H1H15233P2,Ab,MERS-CoV,,,,S; Possibly RBD,Recombinant Human
295,cov/H1H15237P2.pdb,H1H15237P2,Ab,MERS-CoV,,,,S; Possibly RBD,Recombinant Human
296,cov/H1H15249P2.pdb,H1H15249P2,Ab,MERS-CoV,,,,S; Possibly RBD,Recombinant Human
297,cov/H1H15253P2.pdb,H1H15253P2,Ab,MERS-CoV,,,,S; Possibly RBD,Recombinant Human
298,cov/H1H15259P2.pdb,H1H15259P2,Ab,MERS-CoV,,,,S; Possibly RBD,Recombinant Human
299,cov/H1H15260P2.pdb,H1H15260P2,Ab,MERS-CoV,,,,S; Possibly RBD,Recombinant Human
300,cov/H1H15264P2.pdb,H1H15264P2,Ab,MERS-CoV,,,,S; Possibly RBD,Recombinant Human
301,cov/H1M15267N2.pdb,H1M15267N2,Ab,MERS-CoV,,MERS-CoV,,S; Possibly RBD,"Chimeric (Human V, Mouse C)"
302,cov/H1M15269N.pdb,H1M15269N,Ab,MERS-CoV,,,,S; Possibly RBD,"Chimeric (Human V, Mouse C)"
303,cov/H1M15277N.pdb,H1M15277N,Ab,MERS-CoV,,MERS-CoV,,S; Possibly RBD,"Chimeric (Human V, Mouse C)"
304,cov/H1M15280N.pdb,H1M15280N,Ab,MERS-CoV,,,,S; Possibly RBD,"Chimeric (Human V, Mouse C)"
305,cov/H1M15289N.pdb,H1M15289N,Ab,MERS-CoV,,,,S; Possibly RBD,"Chimeric (Human V, Mouse C)"
306,cov/H1M15290N.pdb,H1M15290N,Ab,MERS-CoV,,,,S; Possibly RBD,"Chimeric (Human V, Mouse C)"
307,cov/H1M15293N.pdb,H1M15293N,Ab,MERS-CoV,,,,S; Possibly RBD,"Chimeric (Human V, Mouse C)"
308,cov/H2M15268N.pdb,H2M15268N,Ab,MERS-CoV,,,,S; Possibly RBD,"Chimeric (Human V, Mouse C)"
309,cov/H2M15270N.pdb,H2M15270N,Ab,MERS-CoV,,,,S; Possibly RBD,"Chimeric (Human V, Mouse C)"
310,cov/H2M15271N.pdb,H2M15271N,Ab,MERS-CoV,,,,S; Possibly RBD,"Chimeric (Human V, Mouse C)"
311,cov/H2M15272N.pdb,H2M15272N,Ab,MERS-CoV,,,,S; Possibly RBD,"Chimeric (Human V, Mouse C)"
312,cov/H2M15278N.pdb,H2M15278N,Ab,MERS-CoV,,,,S; Possibly RBD,"Chimeric (Human V, Mouse C)"
313,cov/H2M15279N.pdb,H2M15279N,Ab,MERS-CoV,,,,S; Possibly RBD,"Chimeric (Human V, Mouse C)"
314,cov/H2M15281N.pdb,H2M15281N,Ab,MERS-CoV,,,,S; Possibly RBD,"Chimeric (Human V, Mouse C)"
315,cov/H2M15287N.pdb,H2M15287N,Ab,MERS-CoV,,,,S; Possibly RBD,"Chimeric (Human V, Mouse C)"
316,cov/H2M15291N.pdb,H2M15291N,Ab,MERS-CoV,,,,S; Possibly RBD,"Chimeric (Human V, Mouse C)"
317,cov/H2M15292N.pdb,H2M15292N,Ab,MERS-CoV,,,,S; Possibly RBD,"Chimeric (Human V, Mouse C)"
318,cov/AT2F7.pdb,AT2F7,Ab,MERS-CoV,,,,S; RBD,Immunised Mice
319,cov/45E11.pdb,45E11,Ab,MERS-CoV,,,,Unk,Immunised Mice
320,cov/45C2.pdb,45C2,Ab,MERS-CoV,,,,Unk,Immunised Mice
321,cov/43A9.pdb,43A9,Ab,MERS-CoV,,,,Unk,Immunised Mice
322,cov/Ab8.pdb,Ab8,Ab,MERS-CoV,,MERS-CoV,,S; Unk,MERS Human Patient
323,cov/Ab27.pdb,Ab27 [MERS-GD27],Ab,MERS-CoV,,MERS-CoV,,S; RBD,MERS Human Patient
324,cov/Ab28.pdb,Ab28,Ab,MERS-CoV,,MERS-CoV,,S; Unk,MERS Human Patient
325,cov/Ab33-1.pdb,Ab33-1,Ab,MERS-CoV,,MERS-CoV,,S; Unk,MERS Human Patient
326,cov/Ab33-2.pdb,Ab33-2 [MERS-GD33],Ab,MERS-CoV,,MERS-CoV,,S; RBD,MERS Human Patient
327,cov/Ab38.pdb,Ab38,Ab,MERS-CoV,,MERS-CoV,,S; Unk,MERS Human Patient
328,cov/Ab39-1.pdb,Ab39-1,Ab,MERS-CoV,,MERS-CoV,,S; Unk,MERS Human Patient
329,cov/Ab39-2.pdb,Ab39-2,Ab,MERS-CoV,,MERS-CoV,,S; Unk,MERS Human Patient
330,cov/Ab40.pdb,Ab40,Ab,MERS-CoV,,MERS-CoV,,S; Unk,MERS Human Patient
331,cov/Ab41.pdb,Ab41,Ab,MERS-CoV,,MERS-CoV,,S; Unk,MERS Human Patient
332,cov/Ab42.pdb,Ab42,Ab,MERS-CoV,,MERS-CoV,,S; Unk,MERS Human Patient
333,cov/Ab43.pdb,Ab43,Ab,MERS-CoV,,MERS-CoV,,S; Unk,MERS Human Patient
334,cov/Ab45.pdb,Ab45,Ab,MERS-CoV,,MERS-CoV,,S; Unk,MERS Human Patient
335,cov/REGN3048.pdb,REGN-3048,Ab,MERS-CoV,,MERS-CoV,,S; RBD,Transgenic Mice (VelocImmune)
336,cov/REGN3051.pdb,REGN-3051,Ab,MERS-CoV,,MERS-CoV,,S; RBD,Transgenic Mice (VelocImmune)
337,cov/2D6F11.pdb,2D6F11,Ab,MERS-CoV,,,,M,Immunised Mice
338,cov/1G10E4E2.pdb,1G10E4E2,Ab,MERS-CoV,,,,S; Unk,Immunised Mice
339,cov/6war.pdb,VHH-55,Nb,MERS-CoV,,MERS-CoV,,S; RBD,Immunised Llama
340,cov/CN106380517.pdb,CN106380517,Nb,MERS-CoV,,MERS-CoV,,S; RBD,Humanised from  Llama
341,cov/VHH_01.pdb,VHH-01 (HCAb-1),Nb,MERS-CoV,,MERS-CoV (Strong),,S; RBD,Bone Marrow; MERS Infected Dromedary Camels
342,cov/VHH_02.pdb,VHH-02,Nb,MERS-CoV,,MERS-CoV,,S; RBD,Bone Marrow; MERS Infected Dromedary Camels
343,cov/VHH_04.pdb,VHH-04 (HCAb-4),Nb,MERS-CoV,,MERS-CoV (Strong),,S; RBD,Bone Marrow; MERS Infected Dromedary Camels
344,cov/VHH_06.pdb,VHH-06,Nb,MERS-CoV,,MERS-CoV,,S; RBD,Bone Marrow; MERS Infected Dromedary Camels
345,cov/VHH_07.pdb,VHH-07,Nb,MERS-CoV,,MERS-CoV,,S; RBD,Bone Marrow; MERS Infected Dromedary Camels
346,cov/VHH_08.pdb,VHH-08,Nb,MERS-CoV,,MERS-CoV,,S; RBD,Bone Marrow; MERS Infected Dromedary Camels
347,cov/VHH_10.pdb,VHH-10,Nb,MERS-CoV,,MERS-CoV,,S; RBD,Bone Marrow; MERS Infected Dromedary Camels
348,cov/VHH_12.pdb,VHH-12,Nb,MERS-CoV,,MERS-CoV,,S; RBD,Bone Marrow; MERS Infected Dromedary Camels
349,cov/VHH_18.pdb,VHH-18,Nb,MERS-CoV,,MERS-CoV,,S; RBD,Bone Marrow; MERS Infected Dromedary Camels
350,cov/VHH_20.pdb,VHH-20,Nb,MERS-CoV,,MERS-CoV,,S; RBD,Bone Marrow; MERS Infected Dromedary Camels
351,cov/VHH_21.pdb,VHH-21,Nb,MERS-CoV,,MERS-CoV,,S; RBD,Bone Marrow; MERS Infected Dromedary Camels
352,cov/VHH_26.pdb,VHH-26,Nb,MERS-CoV,,MERS-CoV,,S; RBD,Bone Marrow; MERS Infected Dromedary Camels
353,cov/VHH_28.pdb,VHH-28,Nb,MERS-CoV,,MERS-CoV,,S; RBD,Bone Marrow; MERS Infected Dromedary Camels
354,cov/VHH_38.pdb,VHH-38,Nb,MERS-CoV,,MERS-CoV,,S; RBD,Bone Marrow; MERS Infected Dromedary Camels
355,cov/VHH_44.pdb,VHH-44,Nb,MERS-CoV,,MERS-CoV,,S; RBD,Bone Marrow; MERS Infected Dromedary Camels
356,cov/VHH_46.pdb,VHH-46,Nb,MERS-CoV,,MERS-CoV,,S; RBD,Bone Marrow; MERS Infected Dromedary Camels
357,cov/VHH_50.pdb,VHH-50,Nb,MERS-CoV,,MERS-CoV,,S; RBD,Bone Marrow; MERS Infected Dromedary Camels
358,cov/VHH_58.pdb,VHH-58,Nb,MERS-CoV,,MERS-CoV,,S; RBD,Bone Marrow; MERS Infected Dromedary Camels
359,cov/VHH_59.pdb,VHH-59,Nb,MERS-CoV,,MERS-CoV,,S; RBD,Bone Marrow; MERS Infected Dromedary Camels
360,cov/VHH_62.pdb,VHH-62,Nb,MERS-CoV,,MERS-CoV,,S; RBD,Bone Marrow; MERS Infected Dromedary Camels
361,cov/VHH_70.pdb,VHH-70,Nb,MERS-CoV,,MERS-CoV,,S; RBD,Bone Marrow; MERS Infected Dromedary Camels
362,cov/VHH_83.pdb,VHH-83 (HCAb-83),Nb,MERS-CoV,,MERS-CoV (Strong),,S; RBD,Bone Marrow; MERS Infected Dromedary Camels
363,cov/VHH_84.pdb,VHH-84,Nb,MERS-CoV,,MERS-CoV,,S; RBD,Bone Marrow; MERS Infected Dromedary Camels
364,cov/VHH_91.pdb,VHH-91,Nb,MERS-CoV,,MERS-CoV,,S; RBD,Bone Marrow; MERS Infected Dromedary Camels
365,cov/VHH_93.pdb,VHH-93,Nb,MERS-CoV,,MERS-CoV,,S; RBD,Bone Marrow; MERS Infected Dromedary Camels
366,cov/VHH_101.pdb,VHH-101 (HCAb-101),Nb,MERS-CoV,,MERS-CoV (Strong),,S; RBD,Bone Marrow; MERS Infected Dromedary Camels
367,cov/VHH_111.pdb,VHH-111,Nb,MERS-CoV,,MERS-CoV,,S; RBD,Bone Marrow; MERS Infected Dromedary Camels
368,cov/VHH_129.pdb,VHH-129,Nb,MERS-CoV,,MERS-CoV,,S; RBD,Bone Marrow; MERS Infected Dromedary Camels
369,cov/VHH_136.pdb,VHH-136,Nb,MERS-CoV,,MERS-CoV,,S; RBD,Bone Marrow; MERS Infected Dromedary Camels
370,cov/VHH_152.pdb,VHH-152,Nb,MERS-CoV,,MERS-CoV,,S; RBD,Bone Marrow; MERS Infected Dromedary Camels
371,cov/VHH_174.pdb,VHH-174,Nb,MERS-CoV,,MERS-CoV,,S; RBD,Bone Marrow; MERS Infected Dromedary Camels
372,cov/VHH_184.pdb,VHH-184,Nb,MERS-CoV,,MERS-CoV,,S; RBD,Bone Marrow; MERS Infected Dromedary Camels
373,cov/VHH_203.pdb,VHH-203,Nb,MERS-CoV,,MERS-CoV,,S; RBD,Bone Marrow; MERS Infected Dromedary Camels
374,cov/DA6.pdb,DA6,Ab,Bovine-CoV,,Bovine-CoV (Moderate),,S; S2,Unk
375,cov/DA10.pdb,DA10,Ab,Bovine-CoV,,Bovine-CoV (Strong),,S; S2,Unk
376,cov/DA11.pdb,DA11,Ab,Bovine-CoV,,Bovine-CoV (Moderate),,S; S2,Unk
377,cov/DA25.pdb,DA25,Ab,Bovine-CoV,,Bovine-CoV (Moderate),,S; S2,Unk
378,cov/DA30.pdb,DA30,Ab,Bovine-CoV,,Bovine-CoV (Strong),,S; S2,Unk
379,cov/DA31.pdb,DA31,Ab,Bovine-CoV,,Bovine-CoV (Strong),,S; S2,Unk
380,cov/DA43.pdb,DA43,Ab,Bovine-CoV,,Bovine-CoV (Strong),,S; S2,Unk
381,cov/GPI_scFv.pdb,GPI-scFv,Ab,Viral Envelopes,,,,,
382,cov/3D8.pdb,3D8,Ab,Viral Nucleic Acid Chains,,,,,Immunised Mice
383,cov/4f2m.pdb,1AF10,Ab,TGEV,,TGEV,,S,Immunised Mice
