,File,Name,Type,Bind,X_Bind,Neutralize,X_Neutralize,Domain,Origin
0,cov/CA1.pdb,CA1,Ab,SARS-CoV2,,SARS-CoV2,,S; RBD,B-cells; SARS CoV2 Human Patient
1,7c01.pdb,CB6,Ab,SARS-CoV2,,SARS-CoV2,,S; RBD,B-cells; SARS CoV2 Human Patient
2,7byr.pdb,BD23,Ab,SARS-CoV2,,SARS-CoV2,,S; RBD,B-cells; SARS CoV2 Human Patient
3,7bwj.pdb,P2B-2F6,Ab,SARS-CoV2,SARS-CoV1,SARS-CoV2,,S; RBD,B-cells; SARS CoV2 Human Patient
4,cov/C002.pdb,C002,Ab,SARS-CoV2,SARS-CoV1,SARS-CoV2,SARS-CoV1,S; RBD,B-cells; SARS CoV2 Human Patient
5,cov/C003.pdb,C003,Ab,SARS-CoV2,SARS-CoV1,SARS-CoV2 (weak),SARS-CoV1,S; RBD,B-cells; SARS CoV2 Human Patient
6,cov/C004.pdb,C004,Ab,SARS-CoV2,SARS-CoV1,SARS-CoV2,SARS-CoV1,S; RBD,B-cells; SARS CoV2 Human Patient
7,cov/C005.pdb,C005,Ab,SARS-CoV2,SARS-CoV1,SARS-CoV2,SARS-CoV1,S; RBD,B-cells; SARS CoV2 Human Patient
8,cov/C006.pdb,C006,Ab,SARS-CoV2,SARS-CoV1,SARS-CoV2 (weak),SARS-CoV1,S; RBD,B-cells; SARS CoV2 Human Patient
9,cov/C008.pdb,C008,Ab,SARS-CoV2,SARS-CoV1,SARS-CoV2 (weak),SARS-CoV1,S; RBD,B-cells; SARS CoV2 Human Patient
10,cov/C009.pdb,C009,Ab,SARS-CoV2,SARS-CoV1,SARS-CoV2,SARS-CoV1,S; RBD,B-cells; SARS CoV2 Human Patient
11,cov/C010.pdb,C010,Ab,SARS-CoV2,SARS-CoV1,,"SARS-CoV1, SARS-CoV2",S; RBD,B-cells; SARS CoV2 Human Patient
12,cov/C013.pdb,C013,Ab,SARS-CoV2,SARS-CoV1,SARS-CoV2 (weak),SARS-CoV1,S; RBD,B-cells; SARS CoV2 Human Patient
13,cov/C016.pdb,C016,Ab,SARS-CoV2,SARS-CoV1,,"SARS-CoV1, SARS-CoV2",S; RBD,B-cells; SARS CoV2 Human Patient
14,cov/C017.pdb,C017,Ab,SARS-CoV2,SARS-CoV1,SARS-CoV2,SARS-CoV1,S; RBD,B-cells; SARS CoV2 Human Patient
15,cov/C018.pdb,C018,Ab,SARS-CoV2,SARS-CoV1,,"SARS-CoV1, SARS-CoV2",S; RBD,B-cells; SARS CoV2 Human Patient
16,cov/C019.pdb,C019,Ab,SARS-CoV2,SARS-CoV1,,"SARS-CoV1, SARS-CoV2",S; RBD,B-cells; SARS CoV2 Human Patient
17,cov/C021.pdb,C021,Ab,SARS-CoV2,SARS-CoV1,,"SARS-CoV1, SARS-CoV2",S; RBD,B-cells; SARS CoV2 Human Patient
18,cov/C022.pdb,C022,Ab,"SARS-CoV1, SARS-CoV2",,SARS-CoV2,,S; RBD,B-cells; SARS CoV2 Human Patient
19,cov/C027.pdb,C027,Ab,"SARS-CoV1 (weak), SARS-CoV2",,,SARS-CoV2,S; RBD,B-cells; SARS CoV2 Human Patient
20,cov/C029.pdb,C029,Ab,SARS-CoV2,SARS-CoV1,,"SARS-CoV1, SARS-CoV2",S; RBD,B-cells; SARS CoV2 Human Patient
21,cov/C030.pdb,C030,Ab,SARS-CoV2,SARS-CoV1,,"SARS-CoV1, SARS-CoV2",S; RBD,B-cells; SARS CoV2 Human Patient
22,cov/C031.pdb,C031,Ab,SARS-CoV2,SARS-CoV1,,"SARS-CoV1, SARS-CoV2",S; RBD,B-cells; SARS CoV2 Human Patient
23,cov/C101.pdb,C101,Ab,SARS-CoV2,SARS-CoV1,SARS-CoV2,SARS-CoV1,S; RBD,B-cells; SARS CoV2 Human Patient
24,cov/C102.pdb,C102,Ab,SARS-CoV2,SARS-CoV1,SARS-CoV2,SARS-CoV1,S; RBD,B-cells; SARS CoV2 Human Patient
25,cov/C103.pdb,C103,Ab,SARS-CoV2,SARS-CoV1,SARS-CoV2,SARS-CoV1,S; RBD,B-cells; SARS CoV2 Human Patient
26,cov/C104.pdb,C104,Ab,SARS-CoV2,SARS-CoV1,SARS-CoV2,SARS-CoV1,S; RBD,B-cells; SARS CoV2 Human Patient
27,cov/C105.pdb,C105,Ab,SARS-CoV2,SARS-CoV1,SARS-CoV2,SARS-CoV1,S; RBD,B-cells; SARS CoV2 Human Patient
28,cov/C106.pdb,C106,Ab,"SARS-CoV1, SARS-CoV2",,,SARS-CoV2,S; RBD,B-cells; SARS CoV2 Human Patient
29,cov/C107.pdb,C107,Ab,SARS-CoV2,SARS-CoV1,,"SARS-CoV1, SARS-CoV2",S; RBD,B-cells; SARS CoV2 Human Patient
30,cov/C108.pdb,C108,Ab,SARS-CoV2,SARS-CoV1,SARS-CoV2 (weak),SARS-CoV1,S; RBD,B-cells; SARS CoV2 Human Patient
31,cov/C109.pdb,C109,Ab,SARS-CoV2,,,,S; RBD,B-cells; SARS CoV2 Human Patient
32,cov/C110.pdb,C110,Ab,SARS-CoV2,SARS-CoV1,SARS-CoV2,SARS-CoV1,S; RBD,B-cells; SARS CoV2 Human Patient
33,cov/C111.pdb,C111,Ab,SARS-CoV2,,,,S; RBD,B-cells; SARS CoV2 Human Patient
34,cov/C112.pdb,C112,Ab,SARS-CoV2,SARS-CoV1,SARS-CoV2 (weak),SARS-CoV1,S; RBD,B-cells; SARS CoV2 Human Patient
35,cov/C113.pdb,C113,Ab,SARS-CoV2,SARS-CoV1,,"SARS-CoV1, SARS-CoV2",S; RBD,B-cells; SARS CoV2 Human Patient
36,cov/C114.pdb,C114,Ab,SARS-CoV2,SARS-CoV1,,"SARS-CoV1, SARS-CoV2",S; RBD,B-cells; SARS CoV2 Human Patient
37,cov/C115.pdb,C115,Ab,SARS-CoV2,SARS-CoV1,SARS-CoV2 (weak),SARS-CoV1,S; RBD,B-cells; SARS CoV2 Human Patient
38,cov/C116.pdb,C116,Ab,SARS-CoV2,SARS-CoV1,,"SARS-CoV1, SARS-CoV2",S; RBD,B-cells; SARS CoV2 Human Patient
39,cov/C117.pdb,C117,Ab,SARS-CoV2,SARS-CoV1,SARS-CoV2 (weak),SARS-CoV1,S; RBD,B-cells; SARS CoV2 Human Patient
40,cov/C118.pdb,C118,Ab,"SARS-CoV1, SARS-CoV2",,SARS-CoV2 (weak),,S; RBD,B-cells; SARS CoV2 Human Patient
41,cov/C119.pdb,C119,Ab,SARS-CoV2,SARS-CoV1,SARS-CoV2,SARS-CoV1,S; RBD,B-cells; SARS CoV2 Human Patient
42,cov/C120.pdb,C120,Ab,SARS-CoV2,SARS-CoV1,SARS-CoV2,SARS-CoV1,S; RBD,B-cells; SARS CoV2 Human Patient
43,cov/C121.pdb,C121,Ab,SARS-CoV2,SARS-CoV1,SARS-CoV2,SARS-CoV1,S; RBD,B-cells; SARS CoV2 Human Patient
44,cov/C122.pdb,C122,Ab,SARS-CoV2,SARS-CoV1,SARS-CoV2,SARS-CoV1,S; RBD,B-cells; SARS CoV2 Human Patient
45,cov/C123.pdb,C123,Ab,SARS-CoV2,SARS-CoV1,SARS-CoV2,SARS-CoV1,S; RBD,B-cells; SARS CoV2 Human Patient
46,cov/C124.pdb,C124,Ab,SARS-CoV2,SARS-CoV1,SARS-CoV2 (weak),SARS-CoV1,S; RBD,B-cells; SARS CoV2 Human Patient
47,cov/C125.pdb,C125,Ab,SARS-CoV2,SARS-CoV1,SARS-CoV2,SARS-CoV1,S; RBD,B-cells; SARS CoV2 Human Patient
48,cov/C126.pdb,C126,Ab,SARS-CoV2,SARS-CoV1,,"SARS-CoV1, SARS-CoV2",S; RBD,B-cells; SARS CoV2 Human Patient
49,cov/C127.pdb,C127,Ab,SARS-CoV2,SARS-CoV1,SARS-CoV2,SARS-CoV1,S; RBD,B-cells; SARS CoV2 Human Patient
50,cov/C128.pdb,C128,Ab,SARS-CoV2,SARS-CoV1,SARS-CoV2,SARS-CoV1,S; RBD,B-cells; SARS CoV2 Human Patient
51,cov/C130.pdb,C130,Ab,SARS-CoV2,SARS-CoV1,,"SARS-CoV1, SARS-CoV2",S; RBD,B-cells; SARS CoV2 Human Patient
52,cov/C131.pdb,C131,Ab,SARS-CoV2,SARS-CoV1,SARS-CoV2,SARS-CoV1,S; RBD,B-cells; SARS CoV2 Human Patient
53,cov/C132.pdb,C132,Ab,SARS-CoV2,SARS-CoV1,SARS-CoV2 (weak),SARS-CoV1,S; RBD,B-cells; SARS CoV2 Human Patient
54,cov/C133.pdb,C133,Ab,SARS-CoV2,SARS-CoV1,,"SARS-CoV1, SARS-CoV2",S; RBD,B-cells; SARS CoV2 Human Patient
55,cov/C134.pdb,C134,Ab,SARS-CoV2,SARS-CoV1,,"SARS-CoV1, SARS-CoV2",S; RBD,B-cells; SARS CoV2 Human Patient
56,cov/C135.pdb,C135,Ab,SARS-CoV2,SARS-CoV1,SARS-CoV2,SARS-CoV1,S; RBD,B-cells; SARS CoV2 Human Patient
57,cov/C138.pdb,C138,Ab,SARS-CoV2,SARS-CoV1,,"SARS-CoV1, SARS-CoV2",S; RBD,B-cells; SARS CoV2 Human Patient
58,cov/C139.pdb,C139,Ab,SARS-CoV2,SARS-CoV1,,"SARS-CoV1, SARS-CoV2",S; RBD,B-cells; SARS CoV2 Human Patient
59,cov/C140.pdb,C140,Ab,SARS-CoV2,SARS-CoV1,SARS-CoV2,SARS-CoV1,S; RBD,B-cells; SARS CoV2 Human Patient
60,cov/C141.pdb,C141,Ab,SARS-CoV2,SARS-CoV1,,"SARS-CoV1, SARS-CoV2",S; RBD,B-cells; SARS CoV2 Human Patient
61,cov/C143.pdb,C143,Ab,SARS-CoV2,SARS-CoV1,,"SARS-CoV1, SARS-CoV2",S; RBD,B-cells; SARS CoV2 Human Patient
62,cov/C144.pdb,C144,Ab,SARS-CoV2,SARS-CoV1,SARS-CoV2,SARS-CoV1,S; RBD,B-cells; SARS CoV2 Human Patient
63,cov/C145.pdb,C145,Ab,SARS-CoV2,SARS-CoV1,SARS-CoV2,SARS-CoV1,S; RBD,B-cells; SARS CoV2 Human Patient
64,cov/C146.pdb,C146,Ab,SARS-CoV2,SARS-CoV1,,"SARS-CoV1, SARS-CoV2",S; non-RBD,B-cells; SARS CoV2 Human Patient
65,cov/C147.pdb,C147,Ab,SARS-CoV2,SARS-CoV1,,"SARS-CoV1, SARS-CoV2",S; non-RBD,B-cells; SARS CoV2 Human Patient
66,cov/C148.pdb,C148,Ab,SARS-CoV2,SARS-CoV1,,"SARS-CoV1, SARS-CoV2",S; RBD,B-cells; SARS CoV2 Human Patient
67,cov/C150.pdb,C150,Ab,SARS-CoV2,SARS-CoV1,,"SARS-CoV1, SARS-CoV2",S; RBD,B-cells; SARS CoV2 Human Patient
68,cov/C151.pdb,C151,Ab,SARS-CoV2,SARS-CoV1,SARS-CoV2 (weak),SARS-CoV1,S; RBD,B-cells; SARS CoV2 Human Patient
69,cov/C153.pdb,C153,Ab,SARS-CoV2,SARS-CoV1,SARS-CoV2 (weak),SARS-CoV1,S; RBD,B-cells; SARS CoV2 Human Patient
70,cov/C154.pdb,C154,Ab,"SARS-CoV1, SARS-CoV2",,SARS-CoV2 (weak),,S; RBD,B-cells; SARS CoV2 Human Patient
71,cov/C155.pdb,C155,Ab,SARS-CoV2,SARS-CoV1,SARS-CoV2,SARS-CoV1,S; RBD,B-cells; SARS CoV2 Human Patient
72,cov/C156.pdb,C156,Ab,SARS-CoV2,SARS-CoV1,,"SARS-CoV1, SARS-CoV2",S; RBD,B-cells; SARS CoV2 Human Patient
73,cov/C164.pdb,C164,Ab,SARS-CoV2,SARS-CoV1,SARS-CoV2 (weak),SARS-CoV1,S; RBD,B-cells; SARS CoV2 Human Patient
74,cov/C165.pdb,C165,Ab,SARS-CoV2,SARS-CoV1,SARS-CoV2,SARS-CoV1,S; RBD,B-cells; SARS CoV2 Human Patient
75,cov/C201.pdb,C201,Ab,SARS-CoV2,SARS-CoV1,,"SARS-CoV1, SARS-CoV2",S; RBD,B-cells; SARS CoV2 Human Patient
76,cov/C202.pdb,C202,Ab,SARS-CoV2,SARS-CoV1,,"SARS-CoV1, SARS-CoV2",S; RBD,B-cells; SARS CoV2 Human Patient
77,cov/C204.pdb,C204,Ab,"SARS-CoV1, SARS-CoV2",,,SARS-CoV2,S; RBD,B-cells; SARS CoV2 Human Patient
78,cov/C205.pdb,C205,Ab,SARS-CoV2,SARS-CoV1,,"SARS-CoV1, SARS-CoV2",S; non-RBD,B-cells; SARS CoV2 Human Patient
79,cov/C207.pdb,C207,Ab,SARS-CoV2,SARS-CoV1,SARS-CoV2 (weak),SARS-CoV1,S; RBD,B-cells; SARS CoV2 Human Patient
80,cov/C208.pdb,C208,Ab,SARS-CoV2,SARS-CoV1,,"SARS-CoV1, SARS-CoV2",S; non-RBD,B-cells; SARS CoV2 Human Patient
81,cov/C210.pdb,C210,Ab,SARS-CoV2,SARS-CoV1,SARS-CoV2,SARS-CoV1,S; RBD,B-cells; SARS CoV2 Human Patient
82,cov/C211.pdb,C211,Ab,SARS-CoV2,SARS-CoV1,SARS-CoV2,SARS-CoV1,S; RBD,B-cells; SARS CoV2 Human Patient
83,cov/C212.pdb,C212,Ab,SARS-CoV2,SARS-CoV1,,"SARS-CoV1, SARS-CoV2",S; non-RBD,B-cells; SARS CoV2 Human Patient
84,cov/C214.pdb,C214,Ab,SARS-CoV2,SARS-CoV1,,"SARS-CoV1, SARS-CoV2",S; RBD,B-cells; SARS CoV2 Human Patient
85,cov/C215.pdb,C215,Ab,"SARS-CoV1, SARS-CoV2",,,SARS-CoV2,S; RBD,B-cells; SARS CoV2 Human Patient
86,cov/C216.pdb,C216,Ab,SARS-CoV2,SARS-CoV1,,"SARS-CoV1, SARS-CoV2",S; RBD,B-cells; SARS CoV2 Human Patient
87,cov/CC12.1.pdb,CC12.1,Ab,SARS-CoV2,SARS-CoV1,SARS-CoV2,SARS-CoV1,S; RBD,B-cells; SARS CoV2 Human Patient
88,cov/CC12.3.pdb,CC12.3,Ab,SARS-CoV2,SARS-CoV1,SARS-CoV2,SARS-CoV1,S; RBD,B-cells; SARS CoV2 Human Patient
89,cov/CV1.pdb,CV1,Ab,"SARS-CoV1, SARS-CoV2",,SARS-CoV2,,S; non-RBD,B-cells; SARS CoV2 Human Patient
90,cov/CV2.pdb,CV2,Ab,SARS-CoV2,SARS-CoV1,,SARS-CoV2,S; non-RBD,B-cells; SARS CoV2 Human Patient
91,cov/CV3.pdb,CV3,Ab,"SARS-CoV1, SARS-CoV2",,,SARS-CoV2,S; non-RBD,B-cells; SARS CoV2 Human Patient
92,cov/CV4.pdb,CV4,Ab,"SARS-CoV1, SARS-CoV2",,,SARS-CoV2,S; non-RBD,B-cells; SARS CoV2 Human Patient
93,cov/CV5.pdb,CV5,Ab,SARS-CoV2,SARS-CoV1,,SARS-CoV2,S; RBD,B-cells; SARS CoV2 Human Patient
94,cov/CV7.pdb,CV7,Ab,SARS-CoV2,SARS-CoV1,,SARS-CoV2,S; non-RBD,B-cells; SARS CoV2 Human Patient
95,cov/CV8.pdb,CV8,Ab,"SARS-CoV1, SARS-CoV2",,,SARS-CoV2,S; non-RBD,B-cells; SARS CoV2 Human Patient
96,cov/CV9.pdb,CV9,Ab,"SARS-CoV1, SARS-CoV2",,,SARS-CoV2,S; non-RBD,B-cells; SARS CoV2 Human Patient
97,cov/CV10.pdb,CV10,Ab,"SARS-CoV1, SARS-CoV2",,,SARS-CoV2,S; non-RBD,B-cells; SARS CoV2 Human Patient
98,cov/CV11.pdb,CV11,Ab,"SARS-CoV1, SARS-CoV2",,,SARS-CoV2,S; non-RBD,B-cells; SARS CoV2 Human Patient
99,cov/CV12.pdb,CV12,Ab,SARS-CoV2,SARS-CoV1,,SARS-CoV2,S; non-RBD,B-cells; SARS CoV2 Human Patient
100,cov/CV13.pdb,CV13,Ab,"SARS-CoV1, SARS-CoV2",,,SARS-CoV2,S; non-RBD,B-cells; SARS CoV2 Human Patient
101,cov/CV15.pdb,CV15,Ab,SARS-CoV2,SARS-CoV1,,SARS-CoV2,S; non-RBD,B-cells; SARS CoV2 Human Patient
102,cov/CV16.pdb,CV16,Ab,SARS-CoV2,SARS-CoV1,,SARS-CoV2,S; non-RBD,B-cells; SARS CoV2 Human Patient
103,cov/CV17.pdb,CV17,Ab,SARS-CoV2,SARS-CoV1,,SARS-CoV2,S; non-RBD,B-cells; SARS CoV2 Human Patient
104,cov/CV18.pdb,CV18,Ab,"SARS-CoV1, SARS-CoV2",,,SARS-CoV2,S; non-RBD,B-cells; SARS CoV2 Human Patient
105,cov/CV19.pdb,CV19,Ab,SARS-CoV2,SARS-CoV1,,SARS-CoV2,S; non-RBD,B-cells; SARS CoV2 Human Patient
106,cov/CV21.pdb,CV21,Ab,SARS-CoV2,SARS-CoV1,,SARS-CoV2,S; non-RBD,B-cells; SARS CoV2 Human Patient
107,cov/CV22.pdb,CV22,Ab,"SARS-CoV1, SARS-CoV2",,,SARS-CoV2,S; non-RBD,B-cells; SARS CoV2 Human Patient
108,cov/CV23.pdb,CV23,Ab,SARS-CoV2,SARS-CoV1,,SARS-CoV2,S; non-RBD,B-cells; SARS CoV2 Human Patient
109,cov/CV24.pdb,CV24,Ab,SARS-CoV2,SARS-CoV1,,SARS-CoV2,S; non-RBD,B-cells; SARS CoV2 Human Patient
110,cov/CV25.pdb,CV25,Ab,SARS-CoV2,SARS-CoV1,,SARS-CoV2,S; non-RBD,B-cells; SARS CoV2 Human Patient
111,cov/CV26.pdb,CV26,Ab,"SARS-CoV1, SARS-CoV2",,,SARS-CoV2,S; non-RBD,B-cells; SARS CoV2 Human Patient
112,cov/CV27.pdb,CV27,Ab,SARS-CoV2,SARS-CoV1,,SARS-CoV2,S; non-RBD,B-cells; SARS CoV2 Human Patient
113,cov/CV30.pdb,CV30,Ab,SARS-CoV2,SARS-CoV1,SARS-CoV2,,S; RBD,B-cells; SARS CoV2 Human Patient
114,cov/CV31.pdb,CV31,Ab,"SARS-CoV1, SARS-CoV2",,,SARS-CoV2,S; non-RBD,B-cells; SARS CoV2 Human Patient
115,cov/CV32.pdb,CV32,Ab,SARS-CoV2,SARS-CoV1,,SARS-CoV2,S; non-RBD,B-cells; SARS CoV2 Human Patient
116,cov/CV33.pdb,CV33,Ab,SARS-CoV2,SARS-CoV1,,SARS-CoV2,S; non-RBD,B-cells; SARS CoV2 Human Patient
117,cov/CV34.pdb,CV34,Ab,SARS-CoV2,SARS-CoV1,,SARS-CoV2,S; non-RBD,B-cells; SARS CoV2 Human Patient
118,cov/CV35.pdb,CV35,Ab,SARS-CoV2,SARS-CoV1,,SARS-CoV2,S; non-RBD,B-cells; SARS CoV2 Human Patient
119,cov/CV36.pdb,CV36,Ab,SARS-CoV2,SARS-CoV1,,SARS-CoV2,S; non-RBD,B-cells; SARS CoV2 Human Patient
120,cov/CV37.pdb,CV37,Ab,"SARS-CoV1, SARS-CoV2",,,SARS-CoV2,S; non-RBD,B-cells; SARS CoV2 Human Patient
121,cov/CV38.pdb,CV38,Ab,"SARS-CoV1, SARS-CoV2",,,SARS-CoV2,S; non-RBD,B-cells; SARS CoV2 Human Patient
122,cov/CV39.pdb,CV39,Ab,SARS-CoV2,SARS-CoV1,,SARS-CoV2,S; non-RBD,B-cells; SARS CoV2 Human Patient
123,cov/CV40.pdb,CV40,Ab,"SARS-CoV1, SARS-CoV2",,,SARS-CoV2,S; non-RBD,B-cells; SARS CoV2 Human Patient
124,cov/CV41.pdb,CV41,Ab,SARS-CoV2,SARS-CoV1,,SARS-CoV2,S; non-RBD,B-cells; SARS CoV2 Human Patient
125,cov/CV42.pdb,CV42,Ab,SARS-CoV2,SARS-CoV1,,SARS-CoV2,S; non-RBD,B-cells; SARS CoV2 Human Patient
126,cov/CV43.pdb,CV43,Ab,SARS-CoV2,SARS-CoV1,,SARS-CoV2,S; RBD,B-cells; SARS CoV2 Human Patient
127,cov/CV44.pdb,CV44,Ab,SARS-CoV2,SARS-CoV1,,SARS-CoV2,S; non-RBD,B-cells; SARS CoV2 Human Patient
128,cov/CV45.pdb,CV45,Ab,"SARS-CoV1, SARS-CoV2",,,SARS-CoV2,S; non-RBD,B-cells; SARS CoV2 Human Patient
129,cov/CV46.pdb,CV46,Ab,SARS-CoV2,SARS-CoV1,,SARS-CoV2,S; non-RBD,B-cells; SARS CoV2 Human Patient
130,cov/CV47.pdb,CV47,Ab,SARS-CoV2,SARS-CoV1,,SARS-CoV2,S; non-RBD,B-cells; SARS CoV2 Human Patient
131,cov/CV48.pdb,CV48,Ab,SARS-CoV2,,,SARS-CoV2,S; non-RBD,B-cells; SARS CoV2 Human Patient
132,cov/CV50.pdb,CV50,Ab,SARS-CoV2,,,SARS-CoV2,S; non-RBD,B-cells; SARS CoV2 Human Patient
133,7bz5.pdb,B38,Ab,SARS-CoV2,,SARS-CoV2,,S; RBD,B-cells; SARS CoV2 Human Patient
134,cov/H4.pdb,H4,Ab,SARS-CoV2,,SARS-CoV2,,S; RBD,B-cells; SARS CoV2 Human Patient
135,6w41.pdb,CR3022,Ab,"SARS-CoV1, SARS-CoV2",,SARS-CoV1,SARS-CoV2,S; RBD,B-cells; SARS CoV1 Human Patient
136,6wps.pdb,S309,Ab,"SARS-CoV1, SARS-CoV2",,SARS-CoV2 and SARS-CoV1,,S; RBD,B-cells; SARS CoV1 Human Patient
137,cov/Sb1.pdb,Sb#1,Nb,SARS-CoV2,,,,S; RBD,"Phage Display Library (Nanobody, non-immune)"
138,cov/Sb2.pdb,Sb#2,Nb,SARS-CoV2,,,,S; RBD,"Phage Display Library (Nanobody, non-immune)"
139,cov/Sb3.pdb,Sb#3,Nb,SARS-CoV2,,,,S; RBD,"Phage Display Library (Nanobody, non-immune)"
140,cov/Sb4.pdb,Sb#4,Nb,SARS-CoV2,,,,S; RBD,"Phage Display Library (Nanobody, non-immune)"
141,cov/Sb5.pdb,Sb#5,Nb,SARS-CoV2,,,,S; RBD,"Phage Display Library (Nanobody, non-immune)"
142,cov/Sb6.pdb,Sb#6,Nb,SARS-CoV2,,,,S; RBD,"Phage Display Library (Nanobody, non-immune)"
143,cov/Sb7.pdb,Sb#7,Nb,SARS-CoV2,,,,S; RBD,"Phage Display Library (Nanobody, non-immune)"
144,cov/Sb8.pdb,Sb#8,Nb,SARS-CoV2,,,,S; RBD,"Phage Display Library (Nanobody, non-immune)"
145,cov/Sb9.pdb,Sb#9,Nb,SARS-CoV2,,,,S; RBD,"Phage Display Library (Nanobody, non-immune)"
146,cov/Sb10.pdb,Sb#10,Nb,SARS-CoV2,,,,S; RBD,"Phage Display Library (Nanobody, non-immune)"
147,cov/Sb11.pdb,Sb#11,Nb,SARS-CoV2,,,,S; RBD,"Phage Display Library (Nanobody, non-immune)"
148,cov/Sb12.pdb,Sb#12,Nb,SARS-CoV2,,,,S; RBD,"Phage Display Library (Nanobody, non-immune)"
149,cov/Sb13.pdb,Sb#13,Nb,SARS-CoV2,,,,S; RBD,"Phage Display Library (Nanobody, non-immune)"
150,cov/Sb14.pdb,Sb#14,Nb,SARS-CoV2,,,,S; RBD,"Phage Display Library (Nanobody, non-immune)"
151,cov/Sb15.pdb,Sb#15,Nb,SARS-CoV2,,,,S; RBD,"Phage Display Library (Nanobody, non-immune)"
152,cov/Sb16.pdb,Sb#16,Nb,SARS-CoV2,,,,S; RBD,"Phage Display Library (Nanobody, non-immune)"
153,cov/Sb17.pdb,Sb#17,Nb,SARS-CoV2,,,,S; RBD,"Phage Display Library (Nanobody, non-immune)"
154,cov/Sb18.pdb,Sb#18,Nb,SARS-CoV2,,,,S; RBD,"Phage Display Library (Nanobody, non-immune)"
155,cov/Sb19.pdb,Sb#19,Nb,SARS-CoV2,,,,S; RBD,"Phage Display Library (Nanobody, non-immune)"
156,cov/Sb20.pdb,Sb#20,Nb,SARS-CoV2,,,,S; RBD,"Phage Display Library (Nanobody, non-immune)"
157,cov/Sb21.pdb,Sb#21,Nb,SARS-CoV2,,,,S; RBD,"Phage Display Library (Nanobody, non-immune)"
158,cov/Sb22.pdb,Sb#22,Nb,SARS-CoV2,,,,S; RBD,"Phage Display Library (Nanobody, non-immune)"
159,cov/Sb23.pdb,Sb#23,Nb,SARS-CoV2,,,,S; RBD,"Phage Display Library (Nanobody, non-immune)"
160,cov/Sb25.pdb,Sb#25,Nb,SARS-CoV2,,,,S; RBD,"Phage Display Library (Nanobody, non-immune)"
161,cov/Sb26.pdb,Sb#26,Nb,SARS-CoV2,,,,S; RBD,"Phage Display Library (Nanobody, non-immune)"
162,cov/Sb27.pdb,Sb#27,Nb,SARS-CoV2,,,,S; RBD,"Phage Display Library (Nanobody, non-immune)"
163,cov/Sb28.pdb,Sb#28,Nb,SARS-CoV2,,,,S; RBD,"Phage Display Library (Nanobody, non-immune)"
164,cov/Sb29.pdb,Sb#29,Nb,SARS-CoV2,,,,S; RBD,"Phage Display Library (Nanobody, non-immune)"
165,cov/Sb30.pdb,Sb#30,Nb,SARS-CoV2,,,,S; RBD,"Phage Display Library (Nanobody, non-immune)"
166,cov/Sb31.pdb,Sb#31,Nb,SARS-CoV2,,,,S; RBD,"Phage Display Library (Nanobody, non-immune)"
167,cov/Sb32.pdb,Sb#32,Nb,SARS-CoV2,,,,S; RBD,"Phage Display Library (Nanobody, non-immune)"
168,cov/Sb33.pdb,Sb#33,Nb,SARS-CoV2,,,,S; RBD,"Phage Display Library (Nanobody, non-immune)"
169,cov/Sb34.pdb,Sb#34,Nb,SARS-CoV2,,,,S; RBD,"Phage Display Library (Nanobody, non-immune)"
170,cov/Sb35.pdb,Sb#35,Nb,SARS-CoV2,,,,S; RBD,"Phage Display Library (Nanobody, non-immune)"
171,cov/Sb36.pdb,Sb#36,Nb,SARS-CoV2,,,,S; RBD,"Phage Display Library (Nanobody, non-immune)"
172,cov/Sb37.pdb,Sb#37,Nb,SARS-CoV2,,,,S; RBD,"Phage Display Library (Nanobody, non-immune)"
173,cov/Sb38.pdb,Sb#38,Nb,SARS-CoV2,,,,S; RBD,"Phage Display Library (Nanobody, non-immune)"
174,cov/Sb39.pdb,Sb#39,Nb,SARS-CoV2,,,,S; RBD,"Phage Display Library (Nanobody, non-immune)"
175,cov/Sb40.pdb,Sb#40,Nb,SARS-CoV2,,,,S; RBD,"Phage Display Library (Nanobody, non-immune)"
176,cov/Sb41.pdb,Sb#41,Nb,SARS-CoV2,,,,S; RBD,"Phage Display Library (Nanobody, non-immune)"
177,cov/Sb42.pdb,Sb#42,Nb,SARS-CoV2,,,,S; RBD,"Phage Display Library (Nanobody, non-immune)"
178,cov/Sb45.pdb,Sb#45,Nb,SARS-CoV2,,,,S; RBD,"Phage Display Library (Nanobody, non-immune)"
179,cov/Sb46.pdb,Sb#46,Nb,SARS-CoV2,,,,S; RBD,"Phage Display Library (Nanobody, non-immune)"
180,cov/Sb47.pdb,Sb#47,Nb,SARS-CoV2,,,,S; RBD,"Phage Display Library (Nanobody, non-immune)"
181,cov/Sb48.pdb,Sb#48,Nb,SARS-CoV2,,,,S; RBD,"Phage Display Library (Nanobody, non-immune)"
182,cov/Sb49.pdb,Sb#49,Nb,SARS-CoV2,,,,S; RBD,"Phage Display Library (Nanobody, non-immune)"
183,cov/Sb50.pdb,Sb#50,Nb,SARS-CoV2,,,,S; RBD,"Phage Display Library (Nanobody, non-immune)"
184,cov/Sb51.pdb,Sb#51,Nb,SARS-CoV2,,,,S; RBD,"Phage Display Library (Nanobody, non-immune)"
185,cov/Sb52.pdb,Sb#52,Nb,SARS-CoV2,,,,S; RBD,"Phage Display Library (Nanobody, non-immune)"
186,cov/Sb53.pdb,Sb#53,Nb,SARS-CoV2,,,,S; RBD,"Phage Display Library (Nanobody, non-immune)"
187,cov/Sb55.pdb,Sb#55,Nb,SARS-CoV2,,,,S; RBD,"Phage Display Library (Nanobody, non-immune)"
188,cov/Sb56.pdb,Sb#56,Nb,SARS-CoV2,,,,S; RBD,"Phage Display Library (Nanobody, non-immune)"
189,cov/Sb58.pdb,Sb#58,Nb,SARS-CoV2,,,,S; RBD,"Phage Display Library (Nanobody, non-immune)"
190,cov/Sb59.pdb,Sb#59,Nb,SARS-CoV2,,,,S; RBD,"Phage Display Library (Nanobody, non-immune)"
191,cov/Sb61.pdb,Sb#61,Nb,SARS-CoV2,,,,S; RBD,"Phage Display Library (Nanobody, non-immune)"
192,cov/Sb62.pdb,Sb#62,Nb,SARS-CoV2,,,,S; RBD,"Phage Display Library (Nanobody, non-immune)"
193,cov/Sb63.pdb,Sb#63,Nb,SARS-CoV2,,,,S; RBD,"Phage Display Library (Nanobody, non-immune)"
194,cov/Sb64.pdb,Sb#64,Nb,SARS-CoV2,,,,S; RBD,"Phage Display Library (Nanobody, non-immune)"
195,cov/Sb65.pdb,Sb#65,Nb,SARS-CoV2,,,,S; RBD,"Phage Display Library (Nanobody, non-immune)"
196,cov/Sb66.pdb,Sb#66,Nb,SARS-CoV2,,,,S; RBD,"Phage Display Library (Nanobody, non-immune)"
197,cov/Sb67.pdb,Sb#67,Nb,SARS-CoV2,,,,S; RBD,"Phage Display Library (Nanobody, non-immune)"
198,cov/Sb68.pdb,Sb#68,Nb,SARS-CoV2,,,,S; RBD,"Phage Display Library (Nanobody, non-immune)"
199,cov/Sb69.pdb,Sb#69,Nb,SARS-CoV2,,,,S; RBD,"Phage Display Library (Nanobody, non-immune)"
200,cov/Sb71.pdb,Sb#71,Nb,SARS-CoV2,,,,S; RBD,"Phage Display Library (Nanobody, non-immune)"
201,cov/SR1.pdb,SR1,Nb,SARS-CoV2,,,,S; RBD,"Phage Display Library (Nanobody, non-immune)"
202,cov/SR4.pdb,SR4,Nb,SARS-CoV2,,,,S; RBD,"Phage Display Library (Nanobody, non-immune)"
203,cov/SR5.pdb,SR5,Nb,SARS-CoV2,,,,S; RBD,"Phage Display Library (Nanobody, non-immune)"
204,cov/SR7.pdb,SR7,Nb,SARS-CoV2,,,,S; RBD,"Phage Display Library (Nanobody, non-immune)"
205,cov/SR13.pdb,SR13,Nb,SARS-CoV2,,,,S; RBD,"Phage Display Library (Nanobody, non-immune)"
206,cov/SR18.pdb,SR18,Nb,SARS-CoV2,,,,S; RBD,"Phage Display Library (Nanobody, non-immune)"
207,cov/SR31.pdb,SR31,Nb,SARS-CoV2,,,,S; RBD,"Phage Display Library (Nanobody, non-immune)"
208,cov/SR34.pdb,SR34,Nb,SARS-CoV2,,,,S; RBD,"Phage Display Library (Nanobody, non-immune)"
209,cov/SR38.pdb,SR38,Nb,SARS-CoV2,,,,S; RBD,"Phage Display Library (Nanobody, non-immune)"
210,cov/MR2.pdb,MR2,Nb,SARS-CoV2,,,,S; RBD,"Phage Display Library (Nanobody, non-immune)"
211,cov/MR3.pdb,MR3,Nb,SARS-CoV2,,,,S; RBD,"Phage Display Library (Nanobody, non-immune)"
212,cov/MR4.pdb,MR4,Nb,SARS-CoV2,,,,S; RBD,"Phage Display Library (Nanobody, non-immune)"
213,cov/MR6.pdb,MR6,Nb,SARS-CoV2,,,,S; RBD,"Phage Display Library (Nanobody, non-immune)"
214,cov/MR7.pdb,MR7,Nb,SARS-CoV2,,,,S; RBD,"Phage Display Library (Nanobody, non-immune)"
215,cov/MR8.pdb,MR8,Nb,SARS-CoV2,,,,S; RBD,"Phage Display Library (Nanobody, non-immune)"
216,cov/MR10.pdb,MR10,Nb,SARS-CoV2,,,,S; RBD,"Phage Display Library (Nanobody, non-immune)"
217,cov/MR14.pdb,MR14,Nb,SARS-CoV2,,,,S; RBD,"Phage Display Library (Nanobody, non-immune)"
218,cov/MR17.pdb,MR17,Nb,SARS-CoV2,,,,S; RBD,"Phage Display Library (Nanobody, non-immune)"
219,cov/MR17_K56W.pdb,MR17_K56W,Nb,SARS-CoV2,,,,S; RBD,Derived from MR17
220,cov/MR17_K99W.pdb,MR17_K99W,Nb,SARS-CoV2,,,,S; RBD,Derived from MR17
221,cov/MR17_K99Y.pdb,MR17_K99Y,Nb,SARS-CoV2,,,,S; RBD,Derived from MR17
222,cov/LR1.pdb,LR1,Nb,SARS-CoV2,,,,S; RBD,"Phage Display Library (Nanobody, non-immune)"
223,cov/LR2.pdb,LR2,Nb,SARS-CoV2,,,,S; RBD,"Phage Display Library (Nanobody, non-immune)"
224,cov/LR3.pdb,LR3,Nb,SARS-CoV2,,,,S; RBD,"Phage Display Library (Nanobody, non-immune)"
225,cov/LR5.pdb,LR5,Nb,SARS-CoV2,,,,S; RBD,"Phage Display Library (Nanobody, non-immune)"
226,cov/LR6.pdb,LR6,Nb,SARS-CoV2,,,,S; RBD,"Phage Display Library (Nanobody, non-immune)"
227,cov/LR7.pdb,LR7,Nb,SARS-CoV2,,,,S; RBD,"Phage Display Library (Nanobody, non-immune)"
228,cov/LR8.pdb,LR8,Nb,SARS-CoV2,,,,S; RBD,"Phage Display Library (Nanobody, non-immune)"
229,cov/LR11.pdb,LR11,Nb,SARS-CoV2,,,,S; RBD,"Phage Display Library (Nanobody, non-immune)"
230,cov/LR15.pdb,LR15,Nb,SARS-CoV2,,,,S; RBD,"Phage Display Library (Nanobody, non-immune)"
231,cov/LR16.pdb,LR16,Nb,SARS-CoV2,,,,S; RBD,"Phage Display Library (Nanobody, non-immune)"
232,6waq.pdb,VHH-72,Nb,"SARS-CoV1, SARS-CoV2",,SARS-CoV2 and SARS-CoV1,,S; RBD,Immunised Llama
233,cov/Ty1.pdb,Ty1,Nb,SARS-CoV2,,SARS-CoV2,,S; RBD,Immunised Alpaca
234,6yz5.pdb,H11-D4,Nb,SARS-CoV2,,SARS-CoV2,,S; RBD,"Phage Display Library (Nanobody, non-immune)"
235,cov/W23UACh.pdb,W23UACh,Nb,SARS-CoV2,,,,S; RBD,Immunised Alpaca
236,cov/W25UACh.pdb,W25UACh,Nb,SARS-CoV2,,,,S; RBD,Immunised Alpaca
237,6nb6.pdb,S230,Ab,SARS-CoV1,SARS-CoV2,SARS-CoV1,SARS-CoV2,S; RBD,B-cells; SARS CoV1 Human Patient
238,2ghw.pdb,80R,Ab,SARS-CoV1,,SARS-CoV1,,S; RBD,"Phage Display Library (Antibody, human, non-immune)"
239,cov/80R_cs5.pdb,80R-cs5,Ab,SARS-CoV1,,SARS-CoV1,,S; RBD,Derived from 80R
240,cov/80R_cs25.pdb,80R-cs25,Ab,SARS-CoV1,,SARS-CoV1,,S; RBD,Derived from 80R
241,cov/80R_cs34.pdb,80R-cs34,Ab,SARS-CoV1,,SARS-CoV1,,S; RBD,Derived from 80R
242,cov/80R_cs84.pdb,80R-cs84,Ab,SARS-CoV1,,SARS-CoV1,,S; RBD,Derived from 80R
243,cov/80R_cs110.pdb,80R-cs110,Ab,SARS-CoV1,,SARS-CoV1,,S; RBD,Derived from 80R
244,cov/10C.pdb,10C,Ab,SARS-CoV1,,SARS-CoV1,,S; RBD,"Phage Display Library (Antibody, human, non-immune)"
245,cov/11A.pdb,11A,Ab,SARS-CoV1,,SARS-CoV1,,S; RBD,"Phage Display Library (Antibody, human, non-immune)"
246,cov/15D.pdb,15D,Ab,SARS-CoV1,,SARS-CoV1,,S; RBD,"Phage Display Library (Antibody, human, non-immune)"
247,cov/23E.pdb,23E,Ab,SARS-CoV1,,SARS-CoV1,,S; RBD,"Phage Display Library (Antibody, human, non-immune)"
248,cov/28G.pdb,28G,Ab,SARS-CoV1,,SARS-CoV1,,S; RBD,"Phage Display Library (Antibody, human, non-immune)"
249,cov/256.pdb,256,Ab,SARS-CoV1,,SARS-CoV1,,S; RBD,"Phage Display Library (Antibody, human, non-immune)"
250,2g75.pdb,m396,Ab,SARS-CoV1,,SARS-CoV1,,S; RBD,"Phage Display Library (Antibody, human, non-immune)"
251,cov/CR3001.pdb,CR3001,Ab,SARS-CoV1,,,,S; Unk,"Phage Display Library (Antbody, human, semisynthetic)"
252,cov/CR3002.pdb,CR3002,Ab,SARS-CoV1,,,,S; Unk,"Phage Display Library (Antbody, human, semisynthetic)"
253,cov/CR3006.pdb,CR3006,Ab,SARS-CoV1,,SARS-CoV1 (weak),,S; RBD,"Phage Display Library (Antbody, human, semisynthetic)"
254,cov/CR3009.pdb,CR3009,Ab,SARS-CoV1,,,,S; NTD,"Phage Display Library (Antbody, human, semisynthetic)"
255,cov/CR3013.pdb,CR3013,Ab,SARS-CoV1,,SARS-CoV1,,S; RBD,"Phage Display Library (Antbody, human, semisynthetic)"
256,cov/CR3014.pdb,CR3014,Ab,SARS-CoV1,,SARS-CoV1,,S; RBD,"Phage Display Library (Antbody, human, semisynthetic)"
257,cov/CR3015.pdb,CR3015,Ab,SARS-CoV1,,,SARS-CoV1,S; RBD,"Phage Display Library (Antbody, human, semisynthetic)"
258,cov/CR3018.pdb,CR3018,Ab,SARS-CoV1,,,,S; NTD,"Phage Display Library (Antbody, human, semisynthetic)"
259,cov/M1A.pdb,M1A,Ab,SARS-CoV1,,SARS-CoV1,,S; Unk,"Phage Display Library (Antibody, human, immune - CoV1)"
260,cov/F26G1.pdb,F26G1,Ab,SARS-CoV1,,,SARS-CoV1,S,Immunised Mice
261,cov/F26G3.pdb,F26G3,Ab,SARS-CoV1,,SARS-CoV1,,Unk,Immunised Mice
262,cov/F26G6.pdb,F26G6,Ab,SARS-CoV1,,,SARS-CoV1,S,Immunised Mice
263,cov/F26G7.pdb,F26G7,Ab,SARS-CoV1,,SARS-CoV1,,Unk,Immunised Mice
264,cov/F26G8.pdb,F26G8,Ab,SARS-CoV1,,,SARS-CoV1,S,Immunised Mice
265,cov/F26G9.pdb,F26G9,Ab,SARS-CoV1,,SARS-CoV1,,Unk,Immunised Mice
266,cov/F26G10.pdb,F26G10,Ab,SARS-CoV1,,SARS-CoV1,,Unk,Immunised Mice
267,cov/F26G18.pdb,F26G18,Ab,SARS-CoV1,,SARS-CoV1,,S,Immunised Mice
268,3bgf.pdb,F26G19,Ab,SARS-CoV1,,SARS-CoV1,,S; RBD,Immunised Mice
269,cov/201.pdb,201,Ab,SARS-CoV1,,SARS-CoV1,,S; RBD,Transgenic Mice (HuMab)
270,cov/1B5.pdb,1B5,Ab,SARS-CoV1,,SARS-CoV1,,S; NTD,Transgenic Mice (Xenomouse)
271,cov/3A7.pdb,3A7,Ab,SARS-CoV1,,SARS-CoV1,,S; RBD,Transgenic Mice (Xenomouse)
272,cov/3C7.pdb,3C7,Ab,SARS-CoV1,,SARS-CoV1,,S; RBD,Transgenic Mice (Xenomouse)
273,cov/3F3.pdb,3F3,Ab,SARS-CoV1,,SARS-CoV1,,S; RBD,Transgenic Mice (Xenomouse)
274,cov/3H12.pdb,3H12,Ab,SARS-CoV1,,SARS-CoV1,,S; RBD,Transgenic Mice (Xenomouse)
275,cov/4A10.pdb,4A10,Ab,SARS-CoV1,,SARS-CoV1,,S; RBD,Transgenic Mice (Xenomouse)
276,cov/4E2.pdb,4E2,Ab,SARS-CoV1,,SARS-CoV1,,S; RBD,Transgenic Mice (Xenomouse)
277,cov/4G2.pdb,4G2,Ab,SARS-CoV1,,SARS-CoV1,,S; RBD,Transgenic Mice (Xenomouse)
278,cov/5D6.pdb,5D6,Ab,SARS-CoV1,,SARS-CoV1,,S; RBD,Transgenic Mice (Xenomouse)
279,cov/5E4.pdb,5E4,Ab,SARS-CoV1,,SARS-CoV1,,S; RBD,Transgenic Mice (Xenomouse)
280,cov/6B1.pdb,6B1,Ab,SARS-CoV1,,SARS-CoV1,,S; RBD,Transgenic Mice (Xenomouse)
281,cov/6B5.pdb,6B5,Ab,SARS-CoV1,,SARS-CoV1,,S; RBD,Transgenic Mice (Xenomouse)
282,cov/1G3.pdb,1G3,Ab,SARS-CoV1,,SARS-CoV1,,S; Unk,Transgenic Mice (Xenomouse)
283,cov/2B10_1.pdb,2B10.1,Ab,SARS-CoV1,,SARS-CoV1,,S; Unk,Transgenic Mice (Xenomouse)
284,cov/2B10_4.pdb,2B10.4,Ab,SARS-CoV1,,SARS-CoV1,,S; Unk,Transgenic Mice (Xenomouse)
285,cov/5D1_1.pdb,5D1.1,Ab,SARS-CoV1,,SARS-CoV1,,S; Unk,Transgenic Mice (Xenomouse)
286,cov/5D1_3.pdb,5D1.3,Ab,SARS-CoV1,,SARS-CoV1,,S; Unk,Transgenic Mice (Xenomouse)
287,cov/5D1_4.pdb,5D1.4,Ab,SARS-CoV1,,SARS-CoV1,,S; Unk,Transgenic Mice (Xenomouse)
288,cov/5D1_5.pdb,5D1.5,Ab,SARS-CoV1,,SARS-CoV1,,S; Unk,Transgenic Mice (Xenomouse)
289,cov/5E1_1.pdb,5E1.1,Ab,SARS-CoV1,,SARS-CoV1,,S; Unk,Transgenic Mice (Xenomouse)
290,cov/5E10_1.pdb,5E10.1,Ab,SARS-CoV1,,SARS-CoV1,,S; Unk,Transgenic Mice (Xenomouse)
291,cov/8C.pdb,8C,Ab,SARS-CoV1,,SARS-CoV1,,S; RBD,"Phage Display Library (Antibody, human, non-immune)"
292,cov/12E.pdb,12E,Ab,SARS-CoV1,,SARS-CoV1,,S; RBD,"Phage Display Library (Antibody, human, non-immune)"
293,cov/26H.pdb,26H,Ab,SARS-CoV1,,SARS-CoV1,,S; RBD,"Phage Display Library (Antibody, human, non-immune)"
294,cov/27D.pdb,27D,Ab,SARS-CoV1,,SARS-CoV1,,S; RBD,"Phage Display Library (Antibody, human, non-immune)"
295,cov/91M.pdb,91M,Ab,SARS-CoV1,,SARS-CoV1,,S; RBD,"Phage Display Library (Antibody, human, non-immune)"
296,cov/92N.pdb,92N,Ab,SARS-CoV1,,SARS-CoV1,,S; RBD,"Phage Display Library (Antibody, human, non-immune)"
297,cov/AS3-3-Paper.pdb,AS3-3-Paper,Ab,SARS-CoV1,,SARS-CoV1,,S; Unk,Humanised from Immunised Mice
298,cov/AS3_3.pdb,AS3-3-Patent,Ab,SARS-CoV1,,SARS-CoV1,,S; Unk,Humanised from Immunised Mice
299,cov/S2a.pdb,S2a,Ab,SARS-CoV1,,SARS-CoV1,,S; S2,Humanised from Immunised Mice
300,cov/S2b.pdb,S2b,Ab,SARS-CoV1,,SARS-CoV1,,S; S2,Humanised from Immunised Mice
301,cov/7S1.pdb,7S1,Ab,SARS-CoV1,,,,S; Unk,B-cells; SARS CoV1 Human Patient
302,cov/7S2.pdb,7S2,Ab,SARS-CoV1,,,,S; Unk,B-cells; SARS CoV1 Human Patient
303,cov/B1.pdb,B1,Ab,SARS-CoV1,,SARS-CoV1,,S; S2,"Phage Display Library (Antibody, human, immune - CoV2)"
304,cov/N18.pdb,N18,Ab,SARS-CoV1,,,,NP,"Phage Display Library (Antibody, human, immune - CoV1)"
305,cov/SA59B.pdb,SA59B,Ab,SARS-CoV1,,,,Unk,"Phage Display Library (Antibody, human, single-chain)"
306,cov/m390.pdb,m390,Ab,SARS-CoV1,,,,S; RBD,B-cells; Healthy Human Blood (Umbilical)
307,cov/H12.pdb,H12,Ab,SARS-CoV1,,,,S1,"Phage Display Library (Antibody, human, immune - CoV1)"
308,cov/L9N01.pdb,L9N01,Ab,SARS-CoV1,,,,NP,Immunised Mice
309,cov/Ssc35.pdb,Ssc35,Ab,SARS-CoV1,,,,S; S2,"Phage Display Library (scFv, chicken, immune - CoV1)"
310,4xak.pdb,m336,Ab,MERS-CoV,,MERS-CoV,,S; RBD,B-cells; MERS-CoV Human Patient
311,cov/m337.pdb,m337,Ab,MERS-CoV,,MERS-CoV,,S; RBD,B-cells; MERS-CoV Human Patient
312,cov/m338.pdb,m338,Ab,MERS-CoV,,MERS-CoV,,S; RBD,B-cells; MERS-CoV Human Patient
313,5gmq.pdb,MCA-1,Ab,MERS-CoV,,MERS-CoV,,S; RBD,B-cells; MERS-CoV Human Patient
314,6j11.pdb,7D10,Ab,MERS-CoV,,MERS-CoV,,S; NTD,Immunised Mice
315,6pxg.pdb,G2,Ab,MERS-CoV,,MERS-CoV,,S; NTD,Immunised Mice
316,5w9h.pdb,G4,Ab,MERS-CoV,,MERS-CoV,,S; S2,Immunised Mice
317,cov/MERS_1.pdb,MERS-1,Ab,MERS-CoV,,,MERS-CoV,S; RBD,"Yeast Display Library (scFv, human)"
318,cov/MERS_2.pdb,MERS-2,Ab,MERS-CoV,,,MERS-CoV,S; RBD,"Yeast Display Library (scFv, human)"
319,5zxv.pdb,MERS-4,Ab,MERS-CoV,,MERS-CoV,,S; RBD,"Yeast Display Library (scFv, human)"
320,5yy5.pdb,MERS-4V2,Ab,MERS-CoV,,MERS-CoV,,S; RBD,"Yeast Display Library (scFv, human)"
321,cov/MERS_6.pdb,MERS-6,Ab,MERS-CoV,,,MERS-CoV,S; RBD,"Yeast Display Library (scFv, human)"
322,cov/MERS_7.pdb,MERS-7,Ab,MERS-CoV,,,MERS-CoV,S; RBD,"Yeast Display Library (scFv, human)"
323,cov/MERS_14.pdb,MERS-14,Ab,MERS-CoV,,,MERS-CoV,S; RBD,"Yeast Display Library (scFv, human)"
324,cov/MERS_18.pdb,MERS-18,Ab,MERS-CoV,,,MERS-CoV,S; RBD,"Yeast Display Library (scFv, human)"
325,4zs6.pdb,MERS-27,Ab,MERS-CoV,,MERS-CoV,,S; RBD,"Yeast Display Library (scFv, human)"
326,cov/MERS_36.pdb,MERS-36,Ab,MERS-CoV,,,MERS-CoV,S; RBD,"Yeast Display Library (scFv, human)"
327,cov/MERS_72.pdb,MERS-72,Ab,MERS-CoV,,,MERS-CoV,S; RBD,"Yeast Display Library (scFv, human)"
328,cov/MERS_84.pdb,MERS-84,Ab,MERS-CoV,,,MERS-CoV,S; RBD,"Yeast Display Library (scFv, human)"
329,cov/MERS_93.pdb,MERS-93,Ab,MERS-CoV,,,MERS-CoV,S; RBD,"Yeast Display Library (scFv, human)"
330,6nb3.pdb,LCA60,Ab,MERS-CoV,,MERS-CoV,,S; RBD,B-cells; MERS-CoV Human Patient
331,cov/2E6.pdb,2E6,Ab,MERS-CoV,,MERS-CoV,,S; RBD,Immunised Mice
332,5do2.pdb,4C2,Ab,MERS-CoV,,MERS-CoV,,S; RBD,Immunised Mice
333,4zpt.pdb,D12,Ab,MERS-CoV,,MERS-CoV,,S; RBD,Immunised Mice
334,cov/1E9.pdb,1E9,Ab,MERS-CoV,,MERS-CoV,,S; RBD,"Phage Display Library (Antibody, human, non-immune)"
335,cov/1F8.pdb,1F8,Ab,MERS-CoV,,MERS-CoV,,S; RBD,"Phage Display Library (Antibody, human, non-immune)"
336,cov/3A1.pdb,3A1,Ab,MERS-CoV,,MERS-CoV,,S; RBD,"Phage Display Library (Antibody, human, non-immune)"
337,cov/3B11.pdb,3B11,Ab,MERS-CoV,,MERS-CoV,,S; RBD,"Phage Display Library (Antibody, human, non-immune)"
338,cov/3B12.pdb,3B12,Ab,MERS-CoV,,MERS-CoV,,S; RBD,"Phage Display Library (Antibody, human, non-immune)"
339,cov/3C12.pdb,3C12,Ab,MERS-CoV,,MERS-CoV,,S; RBD,"Phage Display Library (Antibody, human, non-immune)"
340,cov/M14D3.pdb,M14D3,Ab,MERS-CoV,,MERS-CoV,, S; RBD,"Phage Display Library (Antibody, human, non-immune)"
341,cov/F11.pdb,F11,Ab,MERS-CoV,,MERS-CoV,,S; RBD,Immunised Mice
342,cov/FIBH1.pdb,FIB-H1,Ab,MERS-CoV,,MERS-CoV,,S; non-RBD S1,Immunised Rhesus Macaques
343,cov/FIBB2.pdb,FIB-B2,Ab,MERS-CoV,,MERS-CoV,,S; Unk,Immunised Rhesus Macaques
344,cov/JC57_11.pdb,JC57-11,Ab,MERS-CoV,,MERS-CoV,,S; RBD,Immunised Rhesus Macaques
345,cov/JC57_13.pdb,JC57-13,Ab,MERS-CoV,,MERS-CoV,,S; non-RBD S1,Immunised Rhesus Macaques
346,6c6x.pdb,JC57-14,Ab,MERS-CoV,,MERS-CoV,,S; RBD,Immunised Rhesus Macaques
347,cov/CDC_A2.pdb,CDC-A2,Ab,MERS-CoV,,MERS-CoV,,S; non-RBD S1,B-cells; MERS-CoV Human Patient
348,cov/CDC_A10.pdb,CDC-A10,Ab,MERS-CoV,,MERS-CoV,,S; non-RBD S1,B-cells; MERS-CoV Human Patient
349,6c6z.pdb,CDC-C2,Ab,MERS-CoV,,MERS-CoV,,S; RBD,B-cells; MERS-CoV Human Patient
350,cov/CDC_C5.pdb,CDC-C5,Ab,MERS-CoV,,MERS-CoV,,S; RBD,B-cells; MERS-CoV Human Patient
351,cov/77A5.pdb,77-A5,Ab,MERS-CoV,,MERS-CoV,,S; RBD,Human
352,cov/77A6.pdb,77-A6,Ab,MERS-CoV,,MERS-CoV,,S; RBD,Human
353,cov/90A3.pdb,90-A3,Ab,MERS-CoV,,,MERS-CoV,S; S1 non-RBD,Human
354,cov/90A9.pdb,90-A9,Ab,MERS-CoV,,,MERS-CoV,S; S1 non-RBD,Human
355,cov/90B2.pdb,90-B2,Ab,MERS-CoV,,,MERS-CoV,S; S1 non-RBD,Human
356,cov/90B7.pdb,90-B7,Ab,MERS-CoV,,,MERS-CoV,S; S1 non-RBD,Human
357,cov/90C4.pdb,90-C4,Ab,MERS-CoV,,,MERS-CoV,S; S1 non-RBD,Human
358,cov/90E5.pdb,90-E5,Ab,MERS-CoV,,MERS-CoV,,S; RBD,Human
359,cov/90E6.pdb,90-E6,Ab,MERS-CoV,,,MERS-CoV,S; RBD,Human
360,cov/90F1.pdb,90-F1,Ab,MERS-CoV,,MERS-CoV,,S; RBD,Human
361,cov/90F2.pdb,90-F2,Ab,MERS-CoV,,MERS-CoV,,S; RBD,Human
362,cov/KR101828794.pdb,KR101828794,Ab,MERS-CoV,,MERS-CoV,,S; RBD,B-cells; MERS-CoV Human Patient
363,cov/S2A3.pdb,S2A3,Ab,MERS-CoV,,MERS-CoV,,S; S2,"Phage Display Library (Antibody, human)"
364,cov/S2A6.pdb,S2A6,Ab,MERS-CoV,,MERS-CoV,,S; S2,"Phage Display Library (Antibody, human)"
365,cov/S2D5.pdb,S2D5,Ab,MERS-CoV,,MERS-CoV,,S; S2,"Phage Display Library (Antibody, human)"
366,cov/H1H15177P.pdb,H1H15177P,Ab,MERS-CoV,,MERS-CoV,,S; Possibly RBD,Recombinant Human
367,cov/H1H15188P.pdb,H1H15188P,Ab,MERS-CoV,,MERS-CoV,,S; Possibly RBD,Recombinant Human
368,cov/H1H15203P.pdb,H1H15203P,Ab,MERS-CoV,,,,S; Possibly RBD,Recombinant Human
369,cov/H1H15208P.pdb,H1H15208P,Ab,MERS-CoV,,,,S; Possibly RBD,Recombinant Human
370,cov/H1H15211P.pdb,H1H15211P,Ab,MERS-CoV,,MERS-CoV,,S; Possibly RBD,Recombinant Human
371,cov/H1H15215P.pdb,H1H15215P,Ab,MERS-CoV,,,,S; Possibly RBD,Recombinant Human
372,cov/H1H15228P2.pdb,H1H15228P2,Ab,MERS-CoV,,,,S; Possibly RBD,Recombinant Human
373,cov/H1H15231P2.pdb,H1H15231P2,Ab,MERS-CoV,,,,S; Possibly RBD,Recombinant Human
374,cov/H1H15233P2.pdb,H1H15233P2,Ab,MERS-CoV,,,,S; Possibly RBD,Recombinant Human
375,cov/H1H15237P2.pdb,H1H15237P2,Ab,MERS-CoV,,,,S; Possibly RBD,Recombinant Human
376,cov/H1H15249P2.pdb,H1H15249P2,Ab,MERS-CoV,,,,S; Possibly RBD,Recombinant Human
377,cov/H1H15253P2.pdb,H1H15253P2,Ab,MERS-CoV,,,,S; Possibly RBD,Recombinant Human
378,cov/H1H15259P2.pdb,H1H15259P2,Ab,MERS-CoV,,,,S; Possibly RBD,Recombinant Human
379,cov/H1H15260P2.pdb,H1H15260P2,Ab,MERS-CoV,,,,S; Possibly RBD,Recombinant Human
380,cov/H1H15264P2.pdb,H1H15264P2,Ab,MERS-CoV,,,,S; Possibly RBD,Recombinant Human
381,cov/H1M15267N2.pdb,H1M15267N2,Ab,MERS-CoV,,MERS-CoV,,S; Possibly RBD,"Chimeric (Human V, Mouse C)"
382,cov/H1M15269N.pdb,H1M15269N,Ab,MERS-CoV,,,,S; Possibly RBD,"Chimeric (Human V, Mouse C)"
383,cov/H1M15277N.pdb,H1M15277N,Ab,MERS-CoV,,MERS-CoV,,S; Possibly RBD,"Chimeric (Human V, Mouse C)"
384,cov/H1M15280N.pdb,H1M15280N,Ab,MERS-CoV,,,,S; Possibly RBD,"Chimeric (Human V, Mouse C)"
385,cov/H1M15289N.pdb,H1M15289N,Ab,MERS-CoV,,,,S; Possibly RBD,"Chimeric (Human V, Mouse C)"
386,cov/H1M15290N.pdb,H1M15290N,Ab,MERS-CoV,,,,S; Possibly RBD,"Chimeric (Human V, Mouse C)"
387,cov/H1M15293N.pdb,H1M15293N,Ab,MERS-CoV,,,,S; Possibly RBD,"Chimeric (Human V, Mouse C)"
388,cov/H2M15268N.pdb,H2M15268N,Ab,MERS-CoV,,,,S; Possibly RBD,"Chimeric (Human V, Mouse C)"
389,cov/H2M15270N.pdb,H2M15270N,Ab,MERS-CoV,,,,S; Possibly RBD,"Chimeric (Human V, Mouse C)"
390,cov/H2M15271N.pdb,H2M15271N,Ab,MERS-CoV,,,,S; Possibly RBD,"Chimeric (Human V, Mouse C)"
391,cov/H2M15272N.pdb,H2M15272N,Ab,MERS-CoV,,,,S; Possibly RBD,"Chimeric (Human V, Mouse C)"
392,cov/H2M15278N.pdb,H2M15278N,Ab,MERS-CoV,,,,S; Possibly RBD,"Chimeric (Human V, Mouse C)"
393,cov/H2M15279N.pdb,H2M15279N,Ab,MERS-CoV,,,,S; Possibly RBD,"Chimeric (Human V, Mouse C)"
394,cov/H2M15281N.pdb,H2M15281N,Ab,MERS-CoV,,,,S; Possibly RBD,"Chimeric (Human V, Mouse C)"
395,cov/H2M15287N.pdb,H2M15287N,Ab,MERS-CoV,,,,S; Possibly RBD,"Chimeric (Human V, Mouse C)"
396,cov/H2M15291N.pdb,H2M15291N,Ab,MERS-CoV,,,,S; Possibly RBD,"Chimeric (Human V, Mouse C)"
397,cov/H2M15292N.pdb,H2M15292N,Ab,MERS-CoV,,,,S; Possibly RBD,"Chimeric (Human V, Mouse C)"
398,cov/AT2F7.pdb,AT2F7,Ab,MERS-CoV,,,,S; RBD,Immunised Mice
399,cov/45E11.pdb,45E11,Ab,MERS-CoV,,,,Unk,Immunised Mice
400,cov/45C2.pdb,45C2,Ab,MERS-CoV,,,,Unk,Immunised Mice
401,cov/43A9.pdb,43A9,Ab,MERS-CoV,,,,Unk,Immunised Mice
402,cov/Ab8.pdb,Ab8,Ab,MERS-CoV,,MERS-CoV,,S; Unk,B-cells; MERS-CoV Human Patient
403,cov/Ab27.pdb,Ab27,Ab,MERS-CoV,,MERS-CoV,,S; RBD,B-cells; MERS-CoV Human Patient
404,cov/Ab28.pdb,Ab28,Ab,MERS-CoV,,MERS-CoV,,S; Unk,B-cells; MERS-CoV Human Patient
405,cov/Ab33-1.pdb,Ab33-1,Ab,MERS-CoV,,MERS-CoV,,S; Unk,B-cells; MERS-CoV Human Patient
406,cov/Ab33-2.pdb,Ab33-2,Ab,MERS-CoV,,MERS-CoV,,S; RBD,B-cells; MERS-CoV Human Patient
407,cov/Ab38.pdb,Ab38,Ab,MERS-CoV,,MERS-CoV,,S; Unk,B-cells; MERS-CoV Human Patient
408,cov/Ab39-1.pdb,Ab39-1,Ab,MERS-CoV,,MERS-CoV,,S; Unk,B-cells; MERS-CoV Human Patient
409,cov/Ab39-2.pdb,Ab39-2,Ab,MERS-CoV,,MERS-CoV,,S; Unk,B-cells; MERS-CoV Human Patient
410,cov/Ab40.pdb,Ab40,Ab,MERS-CoV,,MERS-CoV,,S; Unk,B-cells; MERS-CoV Human Patient
411,cov/Ab41.pdb,Ab41,Ab,MERS-CoV,,MERS-CoV,,S; Unk,B-cells; MERS-CoV Human Patient
412,cov/Ab42.pdb,Ab42,Ab,MERS-CoV,,MERS-CoV,,S; Unk,B-cells; MERS-CoV Human Patient
413,cov/Ab43.pdb,Ab43,Ab,MERS-CoV,,MERS-CoV,,S; Unk,B-cells; MERS-CoV Human Patient
414,cov/Ab45.pdb,Ab45,Ab,MERS-CoV,,MERS-CoV,,S; Unk,B-cells; MERS-CoV Human Patient
415,cov/REGN3048.pdb,REGN-3048,Ab,MERS-CoV,,MERS-CoV,,S; RBD,Transgenic Mice (VelocImmune)
416,cov/REGN3051.pdb,REGN-3051,Ab,MERS-CoV,,MERS-CoV,,S; RBD,Transgenic Mice (VelocImmune)
417,cov/2D6F11.pdb,2D6F11,Ab,MERS-CoV,,,,M,Immunised Mice
418,cov/1G10E4E2.pdb,1G10E4E2,Ab,MERS-CoV,,,,S; Unk,Immunised Mice
419,6war.pdb,VHH-55,Nb,MERS-CoV,,MERS-CoV,,S; RBD,Immunised Llama
420,cov/CN106380517.pdb,CN106380517,Nb,MERS-CoV,,MERS-CoV,,S; RBD,Humanised from  Llama
421,cov/VHH_01.pdb,VHH-01,Nb,MERS-CoV,,MERS-CoV (Strong),,S; RBD,Bone Marrow; MERS-CoV Infected Dromedary Camels
422,cov/VHH_02.pdb,VHH-02,Nb,MERS-CoV,,MERS-CoV,,S; RBD,Bone Marrow; MERS-CoV Infected Dromedary Camels
423,cov/VHH_04.pdb,VHH-04,Nb,MERS-CoV,,MERS-CoV (Strong),,S; RBD,Bone Marrow; MERS-CoV Infected Dromedary Camels
424,cov/VHH_06.pdb,VHH-06,Nb,MERS-CoV,,MERS-CoV,,S; RBD,Bone Marrow; MERS-CoV Infected Dromedary Camels
425,cov/VHH_07.pdb,VHH-07,Nb,MERS-CoV,,MERS-CoV,,S; RBD,Bone Marrow; MERS-CoV Infected Dromedary Camels
426,cov/VHH_08.pdb,VHH-08,Nb,MERS-CoV,,MERS-CoV,,S; RBD,Bone Marrow; MERS-CoV Infected Dromedary Camels
427,cov/VHH_10.pdb,VHH-10,Nb,MERS-CoV,,MERS-CoV,,S; RBD,Bone Marrow; MERS-CoV Infected Dromedary Camels
428,cov/VHH_12.pdb,VHH-12,Nb,MERS-CoV,,MERS-CoV,,S; RBD,Bone Marrow; MERS-CoV Infected Dromedary Camels
429,cov/VHH_18.pdb,VHH-18,Nb,MERS-CoV,,MERS-CoV,,S; RBD,Bone Marrow; MERS-CoV Infected Dromedary Camels
430,cov/VHH_20.pdb,VHH-20,Nb,MERS-CoV,,MERS-CoV,,S; RBD,Bone Marrow; MERS-CoV Infected Dromedary Camels
431,cov/VHH_21.pdb,VHH-21,Nb,MERS-CoV,,MERS-CoV,,S; RBD,Bone Marrow; MERS-CoV Infected Dromedary Camels
432,cov/VHH_26.pdb,VHH-26,Nb,MERS-CoV,,MERS-CoV,,S; RBD,Bone Marrow; MERS-CoV Infected Dromedary Camels
433,cov/VHH_28.pdb,VHH-28,Nb,MERS-CoV,,MERS-CoV,,S; RBD,Bone Marrow; MERS-CoV Infected Dromedary Camels
434,cov/VHH_38.pdb,VHH-38,Nb,MERS-CoV,,MERS-CoV,,S; RBD,Bone Marrow; MERS-CoV Infected Dromedary Camels
435,cov/VHH_44.pdb,VHH-44,Nb,MERS-CoV,,MERS-CoV,,S; RBD,Bone Marrow; MERS-CoV Infected Dromedary Camels
436,cov/VHH_46.pdb,VHH-46,Nb,MERS-CoV,,MERS-CoV,,S; RBD,Bone Marrow; MERS-CoV Infected Dromedary Camels
437,cov/VHH_50.pdb,VHH-50,Nb,MERS-CoV,,MERS-CoV,,S; RBD,Bone Marrow; MERS-CoV Infected Dromedary Camels
438,cov/VHH_58.pdb,VHH-58,Nb,MERS-CoV,,MERS-CoV,,S; RBD,Bone Marrow; MERS-CoV Infected Dromedary Camels
439,cov/VHH_59.pdb,VHH-59,Nb,MERS-CoV,,MERS-CoV,,S; RBD,Bone Marrow; MERS-CoV Infected Dromedary Camels
440,cov/VHH_62.pdb,VHH-62,Nb,MERS-CoV,,MERS-CoV,,S; RBD,Bone Marrow; MERS-CoV Infected Dromedary Camels
441,cov/VHH_70.pdb,VHH-70,Nb,MERS-CoV,,MERS-CoV,,S; RBD,Bone Marrow; MERS-CoV Infected Dromedary Camels
442,cov/VHH_83.pdb,VHH-83,Nb,MERS-CoV,,MERS-CoV (Strong),,S; RBD,Bone Marrow; MERS-CoV Infected Dromedary Camels
443,cov/VHH_84.pdb,VHH-84,Nb,MERS-CoV,,MERS-CoV,,S; RBD,Bone Marrow; MERS-CoV Infected Dromedary Camels
444,cov/VHH_91.pdb,VHH-91,Nb,MERS-CoV,,MERS-CoV,,S; RBD,Bone Marrow; MERS-CoV Infected Dromedary Camels
445,cov/VHH_93.pdb,VHH-93,Nb,MERS-CoV,,MERS-CoV,,S; RBD,Bone Marrow; MERS-CoV Infected Dromedary Camels
446,cov/VHH_101.pdb,VHH-101,Nb,MERS-CoV,,MERS-CoV (Strong),,S; RBD,Bone Marrow; MERS-CoV Infected Dromedary Camels
447,cov/VHH_111.pdb,VHH-111,Nb,MERS-CoV,,MERS-CoV,,S; RBD,Bone Marrow; MERS-CoV Infected Dromedary Camels
448,cov/VHH_129.pdb,VHH-129,Nb,MERS-CoV,,MERS-CoV,,S; RBD,Bone Marrow; MERS-CoV Infected Dromedary Camels
449,cov/VHH_136.pdb,VHH-136,Nb,MERS-CoV,,MERS-CoV,,S; RBD,Bone Marrow; MERS-CoV Infected Dromedary Camels
450,cov/VHH_152.pdb,VHH-152,Nb,MERS-CoV,,MERS-CoV,,S; RBD,Bone Marrow; MERS-CoV Infected Dromedary Camels
451,cov/VHH_174.pdb,VHH-174,Nb,MERS-CoV,,MERS-CoV,,S; RBD,Bone Marrow; MERS-CoV Infected Dromedary Camels
452,cov/VHH_184.pdb,VHH-184,Nb,MERS-CoV,,MERS-CoV,,S; RBD,Bone Marrow; MERS-CoV Infected Dromedary Camels
453,cov/VHH_203.pdb,VHH-203,Nb,MERS-CoV,,MERS-CoV,,S; RBD,Bone Marrow; MERS-CoV Infected Dromedary Camels
454,cov/DA6.pdb,DA6,Ab,Bovine-CoV,,Bovine-CoV (Moderate),,S; S2,Unk
455,cov/DA10.pdb,DA10,Ab,Bovine-CoV,,Bovine-CoV (Strong),,S; S2,Unk
456,cov/DA11.pdb,DA11,Ab,Bovine-CoV,,Bovine-CoV (Moderate),,S; S2,Unk
457,cov/DA25.pdb,DA25,Ab,Bovine-CoV,,Bovine-CoV (Moderate),,S; S2,Unk
458,cov/DA30.pdb,DA30,Ab,Bovine-CoV,,Bovine-CoV (Strong),,S; S2,Unk
459,cov/DA31.pdb,DA31,Ab,Bovine-CoV,,Bovine-CoV (Strong),,S; S2,Unk
460,cov/DA43.pdb,DA43,Ab,Bovine-CoV,,Bovine-CoV (Strong),,S; S2,Unk
461,cov/GPI_scFv.pdb,GPI-scFv,Ab,Viral Envelopes,,,,E,Unk
462,cov/3D8.pdb,3D8,Ab,Viral Nucleic Acid Chains,,,,,Immunised Mice
463,4f2m.pdb,1AF10,Ab,TGEV,,TGEV,,S,Immunised Mice
