File,Model,HKey,LKey,AKey,Resolution,Priority
1bj1.pdb,0,H,L,W,2.4,4
1bj1.pdb,0,K,J,V,2.4,4
1ce1.pdb,0,H,L,P,1.9,4
1cz8.pdb,0,Y,X,V,2.4,4
1cz8.pdb,0,H,L,W,2.4,4
1n8z.pdb,0,B,A,C,2.52,4
1s78.pdb,0,F,E,B,3.25,4
1s78.pdb,0,D,C,A,3.25,4
2osl.pdb,0,H,L,P,2.6,4
2osl.pdb,0,A,B,Q,2.6,4
3b2u.pdb,0,F,G,E,2.58,4
3b2u.pdb,0,T,U,S,2.58,4
3b2u.pdb,0,Q,R,P,2.58,4
3b2u.pdb,0,N,O,M,2.58,4
3b2u.pdb,0,H,L,A,2.58,4
3b2u.pdb,0,C,D,B,2.58,4
3b2u.pdb,0,J,K,I,2.58,4
3b2u.pdb,0,W,X,V,2.58,4
3b2v.pdb,0,H,L,A,3.3,4
3gbm.pdb,0,H,L,B,2.7,4
3gbm.pdb,0,H,L,A,2.7,4
3gbm.pdb,0,I,M,D,2.7,4
3gbm.pdb,0,I,M,C,2.7,4
3gbn.pdb,0,H,L,B,2.2,4
3gbn.pdb,0,H,L,A,2.2,4
3hmx.pdb,0,H,L,A,3.0,4
3nfp.pdb,0,H,L,I,2.86,4
3nfp.pdb,0,A,B,K,2.86,4
3pp4.pdb,0,H,L,P,1.6,4
3s36.pdb,0,H,L,X,3.2,4
3s37.pdb,0,H,L,X,2.7,4
4cmh.pdb,0,B,C,A,1.53,4
4cni.pdb,0,H,L,C,2.2,4
4cni.pdb,0,A,B,D,2.2,4
4dtg.pdb,0,H,L,K,1.8,4
4edw.pdb,0,H,L,V,2.48,4
4g6m.pdb,0,H,L,A,1.81,4
4hcr.pdb,0,M,N,B,2.3,4
4hcr.pdb,0,H,L,A,2.3,4
4hkz.pdb,0,B,A,H,2.08,4
4hkz.pdb,0,B,A,E,2.08,4
4i77.pdb,0,H,L,Z,1.9,4
4jzj.pdb,0,H,L,C,2.801,4
4jzj.pdb,0,A,B,D,2.801,4
4leo.pdb,0,A,B,C,2.64,4
4liq.pdb,0,H,L,E,2.6,4
4oqt.pdb,0,H,L,A,3.23,4
4u6v.pdb,0,K,M,B,2.56,4
4u6v.pdb,0,H,L,A,2.56,4
5b71.pdb,0,D,C,F,2.11,4
5b71.pdb,0,B,A,E,2.11,4
5b8c.pdb,0,B,A,C,2.146,4
5b8c.pdb,0,E,D,F,2.146,4
5b8c.pdb,0,H,G,I,2.146,4
5b8c.pdb,0,K,J,L,2.146,4
5c0s.pdb,0,H,L,A,4.3,4
5csz.pdb,0,H,L,D,1.8,4
5csz.pdb,0,A,B,E,1.8,4
5ggr.pdb,0,H,L,Z,3.3,4
5ggr.pdb,0,A,B,Y,3.3,4
5ggs.pdb,0,C,D,Y,1.997,4
5ggs.pdb,0,A,B,Z,1.997,4
5ggv.pdb,0,H,L,Y,1.998,4
5grj.pdb,0,H,L,A,3.206,4
5hys.pdb,0,A,B,G,2.5,4
5hys.pdb,0,H,L,I,2.5,4
5hys.pdb,0,E,F,J,2.5,4
5hys.pdb,0,C,D,K,2.5,4
5i5k.pdb,0,X,Y,A,4.2,4
5i5k.pdb,0,H,L,B,4.2,4
5j13.pdb,0,C,B,A,2.298,4
5jxe.pdb,0,G,F,A,2.9,4
5jxe.pdb,0,D,C,B,2.9,4
5l6y.pdb,0,H,L,C,1.99,4
5nhr.pdb,0,A,B,D,3.35,4
5nhr.pdb,0,H,L,C,3.35,4
5o4g.pdb,0,B,A,C,3.0,4
5o4o.pdb,0,B,A,C,3.4,4
5o7p.pdb,0,B,A,C,4.5,4
5sx4.pdb,0,H,L,N,2.8,4
5sx4.pdb,0,J,I,M,2.8,4
5sx5.pdb,0,J,K,M,2.5,4
5sx5.pdb,0,H,L,N,2.5,4
5th9.pdb,0,I,M,B,2.999,4
5th9.pdb,0,J,N,C,2.999,4
5th9.pdb,0,H,L,A,2.999,4
5tru.pdb,0,H,L,C,3.0,4
5tru.pdb,0,h,l,c,3.0,4
5udc.pdb,0,B,C,A,3.45,4
5udc.pdb,0,H,L,F,3.45,4
5udc.pdb,0,E,G,D,3.45,4
5vzy.pdb,0,H,L,A,2.32,4
5wt9.pdb,0,H,L,G,2.401,4
5wux.pdb,0,C,D,G,2.9,4
5wux.pdb,0,A,B,F,2.9,4
5wux.pdb,0,H,L,E,2.9,4
5x8l.pdb,0,G,L,B,3.1,4
5x8l.pdb,0,F,K,A,3.1,4
5x8l.pdb,0,S,N,D,3.1,4
5x8l.pdb,0,H,M,C,3.1,4
5x8l.pdb,0,J,O,E,3.1,4
5x8m.pdb,0,B,C,A,2.661,4
5xj3.pdb,0,J,K,L,3.2,4
5xj3.pdb,0,A,B,C,3.2,4
5xj3.pdb,0,G,H,I,3.2,4
5xj3.pdb,0,D,E,F,3.2,4
5xj4.pdb,0,H,L,A,2.3,4
5y9j.pdb,0,H,L,A,2.05,4
5yoy.pdb,0,P,M,K,2.727,4
5yoy.pdb,0,Q,N,L,2.727,4
5yoy.pdb,0,H,E,C,2.727,4
5yoy.pdb,0,I,F,A,2.727,4
5yoy.pdb,0,G,D,B,2.727,4
5yoy.pdb,0,R,O,J,2.727,4
6a3w.pdb,0,J,K,L,2.0,4
6a3w.pdb,0,A,B,C,2.0,4
6a3w.pdb,0,D,E,F,2.0,4
6a3w.pdb,0,G,H,I,2.0,4
6b3s.pdb,0,C,D,B,2.8,4
6b3s.pdb,0,H,L,A,2.8,4
6b3s.pdb,0,F,G,E,2.8,4
6b3s.pdb,0,J,K,I,2.8,4
6ct7.pdb,0,H,L,S,1.903,4
6ct7.pdb,0,A,B,T,1.903,4
6fgb.pdb,0,H,L,A,2.9,4
6fgb.pdb,0,H,L,B,2.9,4
6fxn.pdb,0,D,E,A,2.9,4
6fxn.pdb,0,F,G,B,2.9,4
6fxn.pdb,0,H,I,C,2.9,4
6fxn.pdb,0,O,P,L,2.9,4
6fxn.pdb,0,M,N,J,2.9,4
6fxn.pdb,0,Q,R,K,2.9,4
6jbt.pdb,0,H,L,F,2.47,4
6mhr.pdb,0,D,E,F,2.8,4
6mhr.pdb,0,A,B,C,2.8,4
6mi2.pdb,0,A,B,C,2.72,4
6mi2.pdb,0,D,E,F,2.72,4
6nha.pdb,0,H,L,A,2.381,4
6nha.pdb,0,H,L,B,2.381,4
6oge.pdb,0,E,D,A,4.36,4
6oge.pdb,0,C,B,A,4.36,4
6pe8.pdb,0,H,L,T,2.84,4
6pe8.pdb,0,A,B,U,2.84,4
6ppg.pdb,0,H,L,F,2.75,4
6ppg.pdb,0,B,A,G,2.75,4
1bj1.pdb,0,H,L,W,2.4,3
1bj1.pdb,0,K,J,V,2.4,3
1i9r.pdb,0,K,M,B,3.1,3
1i9r.pdb,0,X,Y,C,3.1,3
1i9r.pdb,0,H,L,A,3.1,3
1sy6.pdb,0,H,L,A,2.1,3
1yy9.pdb,0,D,C,A,2.605,3
2qqn.pdb,0,H,L,A,2.2,3
3eo1.pdb,0,H,G,I,3.1,3
3eo1.pdb,0,K,J,L,3.1,3
3eo1.pdb,0,E,D,F,3.1,3
3eo1.pdb,0,B,A,C,3.1,3
3hr5.pdb,0,B,A,S,2.4,3
3hr5.pdb,0,H,L,R,2.4,3
3hr5.pdb,0,I,P,T,2.4,3
3hr5.pdb,0,J,Q,V,2.4,3
3ixt.pdb,0,H,L,P,2.75,3
3ixt.pdb,0,A,B,C,2.75,3
3qwo.pdb,0,H,L,P,1.9,3
3qwo.pdb,0,A,B,C,1.9,3
3sqo.pdb,0,H,L,A,2.7,3
3u0t.pdb,0,D,C,E,2.5,3
3u0t.pdb,0,B,A,F,2.5,3
3wd5.pdb,0,H,L,A,3.101,3
4d9q.pdb,0,H,L,A,2.28,3
4d9q.pdb,0,E,D,B,2.28,3
4d9r.pdb,0,H,L,A,2.42,3
4d9r.pdb,0,E,D,B,2.42,3
4ers.pdb,0,H,L,A,2.637,3
4f3f.pdb,0,B,A,C,2.65,3
4g6j.pdb,0,H,L,A,2.03,3
4irz.pdb,0,H,L,A,2.84,3
4k3j.pdb,0,H,L,B,2.8,3
4kro.pdb,0,D,C,A,3.054,3
4krp.pdb,0,D,C,A,2.823,3
4kv5.pdb,0,J,I,B,3.0,3
4kv5.pdb,0,G,K,D,3.0,3
4kv5.pdb,0,H,L,A,3.0,3
4kv5.pdb,0,E,F,C,3.0,3
4kxz.pdb,0,N,M,E,2.83,3
4kxz.pdb,0,Q,P,D,2.83,3
4kxz.pdb,0,J,I,B,2.83,3
4kxz.pdb,0,H,L,A,2.83,3
4lf3.pdb,0,E,D,F,2.735,3
4lf3.pdb,0,B,A,C,2.735,3
4mxv.pdb,0,H,L,A,3.2,3
4mxv.pdb,0,F,E,B,3.2,3
4mxv.pdb,0,Y,X,D,3.2,3
4mxw.pdb,0,H,L,A,3.6,3
4mxw.pdb,0,W,V,X,3.6,3
4od2.pdb,0,B,A,S,3.2,3
4r8w.pdb,0,H,L,B,2.795,3
4r8w.pdb,0,H,L,A,2.795,3
4xxd.pdb,0,B,A,C,2.41,3
4xxd.pdb,0,E,D,F,2.41,3
4ypg.pdb,0,H,L,D,3.0,3
4ypg.pdb,0,B,A,C,3.0,3
4z5r.pdb,0,W,V,F,3.0,3
4z5r.pdb,0,Z,Y,X,3.0,3
4z5r.pdb,0,K,J,D,3.0,3
4z5r.pdb,0,B,A,N,3.0,3
4z5r.pdb,0,M,L,E,3.0,3
4z5r.pdb,0,U,T,I,3.0,3
4z5r.pdb,0,Q,P,G,3.0,3
4z5r.pdb,0,S,R,H,3.0,3
4zxb.pdb,0,C,D,E,3.3,3
4zxb.pdb,0,A,B,E,3.3,3
4zyp.pdb,0,N,O,B,5.5,3
4zyp.pdb,0,K,M,A,5.5,3
4zyp.pdb,0,J,L,C,5.5,3
4zyp.pdb,0,D,E,C,5.5,3
4zyp.pdb,0,H,I,A,5.5,3
4zyp.pdb,0,F,G,B,5.5,3
5bvp.pdb,0,H,L,I,2.2,3
5c7x.pdb,0,M,N,B,2.95,3
5c7x.pdb,0,H,L,A,2.95,3
5f3h.pdb,0,E,F,L,2.7,3
5f3h.pdb,0,G,H,K,2.7,3
5f3h.pdb,0,C,D,I,2.7,3
5f3h.pdb,0,A,B,J,2.7,3
5g64.pdb,0,I,M,B,3.715,3
5g64.pdb,0,H,L,A,3.715,3
5i5k.pdb,0,X,Y,A,4.2,3
5i5k.pdb,0,H,L,B,4.2,3
5k59.pdb,0,E,F,B,2.84,3
5k59.pdb,0,H,L,A,2.84,3
5kqv.pdb,0,P,Q,F,4.4,3
5kqv.pdb,0,C,D,E,4.4,3
5ngv.pdb,0,H,L,A,2.0,3
5nh3.pdb,0,I,M,B,2.35,3
5nh3.pdb,0,H,L,A,2.35,3
5sx4.pdb,0,H,L,N,2.8,3
5sx4.pdb,0,J,I,M,2.8,3
5sx5.pdb,0,J,K,M,2.5,3
5sx5.pdb,0,H,L,N,2.5,3
5tru.pdb,0,H,L,C,3.0,3
5tru.pdb,0,h,l,c,3.0,3
5xez.pdb,0,H,L,B,3.0,3
5xez.pdb,0,C,D,A,3.0,3
5xf1.pdb,0,H,L,B,3.19,3
5xf1.pdb,0,C,D,A,3.19,3
5xj3.pdb,0,J,K,L,3.2,3
5xj3.pdb,0,A,B,C,3.2,3
5xj3.pdb,0,G,H,I,3.2,3
5xj3.pdb,0,D,E,F,3.2,3
5xxy.pdb,0,H,L,A,2.9,3
6bgt.pdb,0,B,A,C,2.7,3
6co3.pdb,0,H,L,Q,2.384,3
6obd.pdb,0,H,L,F,2.2,3
6obd.pdb,0,B,A,E,2.2,3
6oe5.pdb,0,H,L,A,4.1,3
6oe5.pdb,0,B,C,A,4.1,3
6ogx.pdb,0,C,D,G,2.77,3
6ogx.pdb,0,H,L,G,2.77,3
6okn.pdb,0,A,B,R,3.25,3
6okn.pdb,0,C,D,E,3.25,3
1bj1.pdb,0,H,L,W,2.4,2
1bj1.pdb,0,K,J,V,2.4,2
1cz8.pdb,0,Y,X,V,2.4,2
1cz8.pdb,0,H,L,W,2.4,2
1n8z.pdb,0,B,A,C,2.52,2
1s78.pdb,0,F,E,B,3.25,2
1s78.pdb,0,D,C,A,3.25,2
2dtg.pdb,0,C,D,E,3.8,2
2dtg.pdb,0,A,B,E,3.8,2
3bdy.pdb,0,H,L,V,2.6,2
3be1.pdb,0,H,L,A,2.9,2
3bky.pdb,0,H,L,P,2.61,2
3c09.pdb,0,H,L,D,3.2,2
3c09.pdb,0,C,B,A,3.2,2
3eoa.pdb,0,H,L,I,2.8,2
3eoa.pdb,0,B,A,J,2.8,2
3eob.pdb,0,H,L,I,3.6,2
3eob.pdb,0,B,A,J,3.6,2
3grw.pdb,0,H,L,A,2.1,2
3iu3.pdb,0,A,B,K,2.9,2
3iu3.pdb,0,H,L,I,2.9,2
3iu3.pdb,0,C,D,J,2.9,2
3loh.pdb,0,A,B,E,3.803,2
3loh.pdb,0,C,D,E,3.803,2
3o2d.pdb,0,H,L,A,2.19,2
3w14.pdb,0,C,D,E,4.4,2
3w14.pdb,0,P,Q,F,4.4,2
3wd5.pdb,0,H,L,A,3.101,2
4dn4.pdb,0,H,L,M,2.8,2
4g3y.pdb,0,H,L,C,2.6,2
4hkz.pdb,0,B,A,H,2.08,2
4hkz.pdb,0,B,A,E,2.08,2
4jhw.pdb,0,H,L,F,3.6,2
4jlr.pdb,0,H,L,S,2.71,2
4jlr.pdb,0,A,B,C,2.71,2
4jn2.pdb,0,H,L,L,1.71,2
4jn2.pdb,0,B,A,A,1.71,2
4kvn.pdb,0,H,L,A,3.1,2
4np4.pdb,0,H,L,A,2.89,2
4np4.pdb,0,I,M,A,2.89,2
4ogx.pdb,0,H,L,A,2.4,2
4ogy.pdb,0,H,L,A,2.1,2
4ogy.pdb,0,M,N,B,2.1,2
4tuj.pdb,0,A,B,E,1.89,2
4tuj.pdb,0,C,D,F,1.89,2
4tuk.pdb,0,H,L,I,1.6,2
4tul.pdb,0,H,L,I,1.4,2
4tuo.pdb,0,A,B,B,1.55,2
4tuo.pdb,0,C,D,D,1.55,2
4wv1.pdb,0,B,A,C,2.362,2
4wv1.pdb,0,E,D,F,2.362,2
5d71.pdb,0,H,L,A,2.25,2
5d72.pdb,0,M,N,B,2.6,2
5d72.pdb,0,H,L,A,2.6,2
5vl3.pdb,0,H,L,Q,3.1,2
5vl3.pdb,0,A,B,R,3.1,2
5vl3.pdb,0,C,D,S,3.1,2
5vl3.pdb,0,E,F,T,3.1,2
5whk.pdb,0,H,L,A,2.5,2
5whk.pdb,0,H,L,B,2.5,2
6aru.pdb,0,C,B,A,3.2,2
6bft.pdb,0,A,B,G,2.55,2
6bft.pdb,0,H,L,C,2.55,2
6erx.pdb,0,F,G,B,2.9,2
6erx.pdb,0,D,E,A,2.9,2
6erx.pdb,0,H,I,C,2.9,2
6erx.pdb,0,O,P,L,2.9,2
6erx.pdb,0,M,N,J,2.9,2
6erx.pdb,0,Q,R,K,2.9,2
6oge.pdb,0,E,D,A,4.36,2
6oge.pdb,0,C,B,A,4.36,2
1cz8.pdb,0,Y,X,V,2.4,1
1cz8.pdb,0,H,L,W,2.4,1
3p0y.pdb,0,H,L,A,1.8,1
3p11.pdb,0,H,L,A,3.7,1
3sqo.pdb,0,H,L,A,2.7,1
4hix.pdb,0,H,L,A,2.204,1
4od2.pdb,0,B,A,S,3.2,1
4ojf.pdb,0,H,L,A,1.998,1
4p59.pdb,0,H,L,A,3.4,1
6bft.pdb,0,A,B,G,2.55,1
6bft.pdb,0,H,L,C,2.55,1
6bgt.pdb,0,B,A,C,2.7,1
3bdy.pdb,0,H,L,V,2.6,0
3be1.pdb,0,H,L,A,2.9,0
4hjg.pdb,0,B,A,H,2.0,0
4hjg.pdb,0,B,A,E,2.0,0
4ioi.pdb,0,B,A,H,1.95,0
4ioi.pdb,0,B,A,E,1.95,0
5u3d.pdb,0,B,A,E,1.77,0
5u5f.pdb,0,B,A,C,1.81,0
5u5f.pdb,0,B,A,E,1.81,0
5u5m.pdb,0,B,A,C,1.88,0
5u5m.pdb,0,B,A,E,1.88,0
5u6a.pdb,0,B,A,C,1.736,0
5u6a.pdb,0,B,A,E,1.736,0
6b9y.pdb,0,B,A,C,2.14,0
6b9y.pdb,0,B,A,E,2.14,0
6b9z.pdb,0,B,A,C,1.82,0
6b9z.pdb,0,B,A,E,1.82,0
6bae.pdb,0,B,A,C,2.14,0
6bae.pdb,0,B,A,E,2.14,0
6bah.pdb,0,B,A,C,1.9,0
6bah.pdb,0,B,A,E,1.9,0
6r8x.pdb,0,C,B,A,2.04,0
