File,Model,HKey,LKey,AKey,Name,Resolution,Priority
1bj1.pdb,0,H,L,W,Bevacizumab,2.4,4
1bj1.pdb,0,K,J,V,Bevacizumab,2.4,4
1bj1.pdb,0,H,L,W,Dilpacimab,2.4,4
1bj1.pdb,0,K,J,V,Dilpacimab,2.4,4
1ce1.pdb,0,H,L,P,Alemtuzumab,1.9,4
1cz8.pdb,0,Y,X,V,Faricimab,2.4,4
1cz8.pdb,0,H,L,W,Faricimab,2.4,4
1cz8.pdb,0,Y,X,V,Ranibizumab,2.4,4
1cz8.pdb,0,H,L,W,Ranibizumab,2.4,4
1n8z.pdb,0,B,A,C,Zanidatamab,2.52,4
1s78.pdb,0,F,E,B,Pertuzumab,3.25,4
1s78.pdb,0,D,C,A,Pertuzumab,3.25,4
2osl.pdb,0,H,L,P,Ripertamab,2.6,4
2osl.pdb,0,A,B,Q,Ripertamab,2.6,4
2osl.pdb,0,H,L,P,Rituximab,2.6,4
2osl.pdb,0,A,B,Q,Rituximab,2.6,4
3b2u.pdb,0,F,G,E,Necitumumab,2.58,4
3b2u.pdb,0,T,U,S,Necitumumab,2.58,4
3b2u.pdb,0,Q,R,P,Necitumumab,2.58,4
3b2u.pdb,0,N,O,M,Necitumumab,2.58,4
3b2u.pdb,0,H,L,A,Necitumumab,2.58,4
3b2u.pdb,0,C,D,B,Necitumumab,2.58,4
3b2u.pdb,0,J,K,I,Necitumumab,2.58,4
3b2u.pdb,0,W,X,V,Necitumumab,2.58,4
3b2v.pdb,0,H,L,A,Necitumumab,3.3,4
3gbm.pdb,0,H,L,B,Diridavumab,2.7,4
3gbm.pdb,0,H,L,A,Diridavumab,2.7,4
3gbm.pdb,0,I,M,D,Diridavumab,2.7,4
3gbm.pdb,0,I,M,C,Diridavumab,2.7,4
3gbn.pdb,0,H,L,B,Diridavumab,2.2,4
3gbn.pdb,0,H,L,A,Diridavumab,2.2,4
3hmx.pdb,0,H,L,A,Ustekinumab,3.0,4
3nfp.pdb,0,H,L,I,Daclizumab,2.86,4
3nfp.pdb,0,A,B,K,Daclizumab,2.86,4
3pp4.pdb,0,H,L,P,Afutuzumab,1.6,4
3pp4.pdb,0,H,L,P,Obinutuzumab,1.6,4
3s36.pdb,0,H,L,X,Ramucirumab,3.2,4
3s37.pdb,0,H,L,X,Ramucirumab,2.7,4
4cmh.pdb,0,B,C,A,Isatuximab,1.53,4
4cni.pdb,0,H,L,C,Olokizumab,2.2,4
4cni.pdb,0,A,B,D,Olokizumab,2.2,4
4dtg.pdb,0,H,L,K,Concizumab,1.8,4
4edw.pdb,0,H,L,V,Tanezumab,2.48,4
4g6m.pdb,0,H,L,A,Gevokizumab,1.81,4
4hcr.pdb,0,M,N,B,Ontamalimab,2.3,4
4hcr.pdb,0,H,L,A,Ontamalimab,2.3,4
4hkz.pdb,0,B,A,H,Zanidatamab,2.08,4
4hkz.pdb,0,B,A,E,Zanidatamab,2.08,4
4i77.pdb,0,H,L,Z,Lebrikizumab,1.9,4
4jzj.pdb,0,H,L,C,Talacotuzumab,2.801,4
4jzj.pdb,0,A,B,D,Talacotuzumab,2.801,4
4leo.pdb,0,A,B,C,Lumretuzumab,2.64,4
4liq.pdb,0,H,L,E,Emactuzumab,2.6,4
4oqt.pdb,0,H,L,A,Opicinumab,3.23,4
4u6v.pdb,0,H,L,A,Suvratoxumab,2.56,4
4u6v.pdb,0,K,M,B,Suvratoxumab,2.56,4
5b71.pdb,0,D,C,F,Crovalimab,2.11,4
5b71.pdb,0,B,A,E,Crovalimab,2.11,4
5b8c.pdb,0,B,A,C,Lambrolizumab,2.146,4
5b8c.pdb,0,E,D,F,Lambrolizumab,2.146,4
5b8c.pdb,0,H,G,I,Lambrolizumab,2.146,4
5b8c.pdb,0,K,J,L,Lambrolizumab,2.146,4
5b8c.pdb,0,B,A,C,Pembrolizumab,2.146,4
5b8c.pdb,0,E,D,F,Pembrolizumab,2.146,4
5b8c.pdb,0,H,G,I,Pembrolizumab,2.146,4
5b8c.pdb,0,K,J,L,Pembrolizumab,2.146,4
5c0s.pdb,0,H,L,A,Diridavumab,4.3,4
5csz.pdb,0,H,L,D,Gantenerumab,1.8,4
5csz.pdb,0,A,B,E,Gantenerumab,1.8,4
5ggr.pdb,0,H,L,Z,Nivolumab,3.3,4
5ggr.pdb,0,A,B,Y,Nivolumab,3.3,4
5ggs.pdb,0,C,D,Y,Lambrolizumab,1.997,4
5ggs.pdb,0,A,B,Z,Lambrolizumab,1.997,4
5ggs.pdb,0,C,D,Y,Pembrolizumab,1.997,4
5ggs.pdb,0,A,B,Z,Pembrolizumab,1.997,4
5ggv.pdb,0,H,L,Y,Ticilimumab,1.998,4
5ggv.pdb,0,H,L,Y,Tremelimumab,1.998,4
5grj.pdb,0,H,L,A,Avelumab,3.206,4
5grj.pdb,0,H,L,A,Bintrafusp,3.206,4
5hys.pdb,0,A,B,G,Omalizumab,2.5,4
5hys.pdb,0,E,F,J,Omalizumab,2.5,4
5hys.pdb,0,H,L,I,Omalizumab,2.5,4
5hys.pdb,0,C,D,K,Omalizumab,2.5,4
5i5k.pdb,0,X,Y,A,Eculizumab,4.2,4
5i5k.pdb,0,H,L,B,Eculizumab,4.2,4
5j13.pdb,0,C,B,A,Tezepelumab,2.298,4
5jxe.pdb,0,D,C,B,Lambrolizumab,2.9,4
5jxe.pdb,0,G,F,A,Lambrolizumab,2.9,4
5jxe.pdb,0,D,C,B,Pembrolizumab,2.9,4
5jxe.pdb,0,G,F,A,Pembrolizumab,2.9,4
5l6y.pdb,0,H,L,C,Tralokinumab,1.99,4
5nhr.pdb,0,A,B,D,Bimagrumab,3.35,4
5nhr.pdb,0,H,L,C,Bimagrumab,3.35,4
5o4g.pdb,0,B,A,C,Zenocutuzumab,3.0,4
5o4o.pdb,0,B,A,C,Zenocutuzumab,3.4,4
5o7p.pdb,0,B,A,C,Zenocutuzumab,4.5,4
5sx4.pdb,0,H,L,N,Panitumumab,2.8,4
5sx4.pdb,0,J,I,M,Panitumumab,2.8,4
5sx5.pdb,0,J,K,M,Panitumumab,2.5,4
5sx5.pdb,0,H,L,N,Panitumumab,2.5,4
5th9.pdb,0,J,N,C,Andecaliximab,2.999,4
5th9.pdb,0,H,L,A,Andecaliximab,2.999,4
5th9.pdb,0,I,M,B,Andecaliximab,2.999,4
5tru.pdb,0,h,l,c,Ipilimumab,3.0,4
5tru.pdb,0,H,L,C,Ipilimumab,3.0,4
5udc.pdb,0,B,C,A,Nirsevimab,3.45,4
5udc.pdb,0,H,L,F,Nirsevimab,3.45,4
5udc.pdb,0,E,G,D,Nirsevimab,3.45,4
5vzy.pdb,0,H,L,A,Crenezumab,2.32,4
5wt9.pdb,0,H,L,G,Nivolumab,2.401,4
5wux.pdb,0,C,D,G,Certolizumab,2.9,4
5wux.pdb,0,A,B,F,Certolizumab,2.9,4
5wux.pdb,0,H,L,E,Certolizumab,2.9,4
5x8l.pdb,0,G,L,B,Atezolizumab,3.1,4
5x8l.pdb,0,F,K,A,Atezolizumab,3.1,4
5x8l.pdb,0,S,N,D,Atezolizumab,3.1,4
5x8l.pdb,0,H,M,C,Atezolizumab,3.1,4
5x8l.pdb,0,J,O,E,Atezolizumab,3.1,4
5x8m.pdb,0,B,C,A,Durvalumab,2.661,4
5xj3.pdb,0,J,K,L,Ipilimumab,3.2,4
5xj3.pdb,0,A,B,C,Ipilimumab,3.2,4
5xj3.pdb,0,G,H,I,Ipilimumab,3.2,4
5xj3.pdb,0,D,E,F,Ipilimumab,3.2,4
5xj4.pdb,0,H,L,A,Durvalumab,2.3,4
5y9j.pdb,0,H,L,A,Belimumab,2.05,4
5yoy.pdb,0,P,M,K,Golimumab,2.727,4
5yoy.pdb,0,Q,N,L,Golimumab,2.727,4
5yoy.pdb,0,G,D,B,Golimumab,2.727,4
5yoy.pdb,0,H,E,C,Golimumab,2.727,4
5yoy.pdb,0,I,F,A,Golimumab,2.727,4
5yoy.pdb,0,R,O,J,Golimumab,2.727,4
6a3w.pdb,0,A,B,C,Utomilumab,2.0,4
6a3w.pdb,0,J,K,L,Utomilumab,2.0,4
6a3w.pdb,0,D,E,F,Utomilumab,2.0,4
6a3w.pdb,0,G,H,I,Utomilumab,2.0,4
6b3s.pdb,0,C,D,B,Necitumumab,2.8,4
6b3s.pdb,0,H,L,A,Necitumumab,2.8,4
6b3s.pdb,0,F,G,E,Necitumumab,2.8,4
6b3s.pdb,0,J,K,I,Necitumumab,2.8,4
6ct7.pdb,0,H,L,S,Cinpanemab,1.903,4
6ct7.pdb,0,A,B,T,Cinpanemab,1.903,4
6fgb.pdb,0,H,L,A,Rozanolixizumab,2.9,4
6fgb.pdb,0,H,L,B,Rozanolixizumab,2.9,4
6fxn.pdb,0,D,E,A,Belimumab,2.9,4
6fxn.pdb,0,F,G,B,Belimumab,2.9,4
6fxn.pdb,0,H,I,C,Belimumab,2.9,4
6fxn.pdb,0,O,P,L,Belimumab,2.9,4
6fxn.pdb,0,M,N,J,Belimumab,2.9,4
6fxn.pdb,0,Q,R,K,Belimumab,2.9,4
6jbt.pdb,0,H,L,F,Toripalimab,2.47,4
6mhr.pdb,0,A,B,C,Urelumab,2.8,4
6mhr.pdb,0,D,E,F,Urelumab,2.8,4
6mi2.pdb,0,A,B,C,Utomilumab,2.72,4
6mi2.pdb,0,D,E,F,Utomilumab,2.72,4
6nha.pdb,0,H,L,A,Orilanolimab,2.381,4
6nha.pdb,0,H,L,B,Orilanolimab,2.381,4
6oge.pdb,0,E,D,A,Zanidatamab,4.36,4
6oge.pdb,0,C,B,A,Zanidatamab,4.36,4
6pe8.pdb,0,H,L,T,Ravagalimab,2.84,4
6pe8.pdb,0,A,B,U,Ravagalimab,2.84,4
6ppg.pdb,0,H,L,F,Afasevikumab,2.75,4
6ppg.pdb,0,B,A,G,Afasevikumab,2.75,4
1bj1.pdb,0,H,L,W,Vanucizumab,2.4,3
1bj1.pdb,0,K,J,V,Vanucizumab,2.4,3
1i9r.pdb,0,K,M,B,Ruplizumab,3.1,3
1i9r.pdb,0,X,Y,C,Ruplizumab,3.1,3
1i9r.pdb,0,H,L,A,Ruplizumab,3.1,3
1sy6.pdb,0,H,L,A,Muromonab,2.1,3
1sy6.pdb,0,H,L,A,Zolimomab,2.1,3
1yy9.pdb,0,D,C,A,Cetuximab,2.605,3
1yy9.pdb,0,D,C,A,Tomuzotuximab,2.605,3
2qqn.pdb,0,H,L,A,Vesencumab,2.2,3
3eo1.pdb,0,H,G,I,Fresolimumab,3.1,3
3eo1.pdb,0,K,J,L,Fresolimumab,3.1,3
3eo1.pdb,0,E,D,F,Fresolimumab,3.1,3
3eo1.pdb,0,B,A,C,Fresolimumab,3.1,3
3hr5.pdb,0,B,A,S,Quilizumab,2.4,3
3hr5.pdb,0,H,L,R,Quilizumab,2.4,3
3hr5.pdb,0,J,Q,V,Quilizumab,2.4,3
3hr5.pdb,0,I,P,T,Quilizumab,2.4,3
3ixt.pdb,0,H,L,P,Motavizumab,2.75,3
3ixt.pdb,0,A,B,C,Motavizumab,2.75,3
3qwo.pdb,0,H,L,P,Motavizumab,1.9,3
3qwo.pdb,0,A,B,C,Motavizumab,1.9,3
3sqo.pdb,0,H,L,A,Bococizumab,2.7,3
3u0t.pdb,0,D,C,E,Ponezumab,2.5,3
3u0t.pdb,0,B,A,F,Ponezumab,2.5,3
3wd5.pdb,0,H,L,A,Adalimumab,3.101,3
4d9q.pdb,0,H,L,A,Lampalizumab,2.28,3
4d9q.pdb,0,E,D,B,Lampalizumab,2.28,3
4d9r.pdb,0,H,L,A,Lampalizumab,2.42,3
4d9r.pdb,0,E,D,B,Lampalizumab,2.42,3
4ers.pdb,0,H,L,A,Volagidemab,2.637,3
4f3f.pdb,0,B,A,C,Amatuximab,2.65,3
4g6j.pdb,0,H,L,A,Canakinumab,2.03,3
4irz.pdb,0,H,L,A,Natalizumab,2.84,3
4k3j.pdb,0,H,L,B,Onartuzumab,2.8,3
4kro.pdb,0,D,C,A,Cetuximab,3.054,3
4kro.pdb,0,D,C,A,Tomuzotuximab,3.054,3
4krp.pdb,0,D,C,A,Cetuximab,2.823,3
4krp.pdb,0,D,C,A,Tomuzotuximab,2.823,3
4kv5.pdb,0,J,I,B,Fresolimumab,3.0,3
4kv5.pdb,0,G,K,D,Fresolimumab,3.0,3
4kv5.pdb,0,H,L,A,Fresolimumab,3.0,3
4kv5.pdb,0,E,F,C,Fresolimumab,3.0,3
4kxz.pdb,0,N,M,E,Fresolimumab,2.83,3
4kxz.pdb,0,Q,P,D,Fresolimumab,2.83,3
4kxz.pdb,0,H,L,A,Fresolimumab,2.83,3
4kxz.pdb,0,J,I,B,Fresolimumab,2.83,3
4lf3.pdb,0,E,D,F,Volagidemab,2.735,3
4lf3.pdb,0,B,A,C,Volagidemab,2.735,3
4mxv.pdb,0,H,L,A,Pateclizumab,3.2,3
4mxv.pdb,0,F,E,B,Pateclizumab,3.2,3
4mxv.pdb,0,Y,X,D,Pateclizumab,3.2,3
4mxw.pdb,0,H,L,A,Pateclizumab,3.6,3
4mxw.pdb,0,W,V,X,Pateclizumab,3.6,3
4od2.pdb,0,B,A,S,Drozitumab,3.2,3
4r8w.pdb,0,H,L,B,Navivumab,2.795,3
4r8w.pdb,0,H,L,A,Navivumab,2.795,3
4xxd.pdb,0,B,A,C,Solanezumab,2.41,3
4xxd.pdb,0,E,D,F,Solanezumab,2.41,3
4ypg.pdb,0,H,L,D,Sifalimumab,3.0,3
4ypg.pdb,0,B,A,C,Sifalimumab,3.0,3
4z5r.pdb,0,W,V,F,Rontalizumab,3.0,3
4z5r.pdb,0,Z,Y,X,Rontalizumab,3.0,3
4z5r.pdb,0,K,J,D,Rontalizumab,3.0,3
4z5r.pdb,0,B,A,N,Rontalizumab,3.0,3
4z5r.pdb,0,M,L,E,Rontalizumab,3.0,3
4z5r.pdb,0,U,T,I,Rontalizumab,3.0,3
4z5r.pdb,0,Q,P,G,Rontalizumab,3.0,3
4z5r.pdb,0,S,R,H,Rontalizumab,3.0,3
4zxb.pdb,0,C,D,E,Valanafusp,3.3,3
4zxb.pdb,0,A,B,E,Valanafusp,3.3,3
4zyp.pdb,0,N,O,B,Motavizumab,5.5,3
4zyp.pdb,0,K,M,A,Motavizumab,5.5,3
4zyp.pdb,0,J,L,C,Motavizumab,5.5,3
4zyp.pdb,0,D,E,C,Motavizumab,5.5,3
4zyp.pdb,0,F,G,B,Motavizumab,5.5,3
4zyp.pdb,0,H,I,A,Motavizumab,5.5,3
5bvp.pdb,0,H,L,I,Canakinumab,2.2,3
5c7x.pdb,0,M,N,B,Otilimab,2.95,3
5c7x.pdb,0,H,L,A,Otilimab,2.95,3
5f3h.pdb,0,E,F,L,Domagrozumab,2.7,3
5f3h.pdb,0,G,H,K,Domagrozumab,2.7,3
5f3h.pdb,0,A,B,J,Domagrozumab,2.7,3
5f3h.pdb,0,C,D,I,Domagrozumab,2.7,3
5g64.pdb,0,I,M,B,Omalizumab,3.715,3
5g64.pdb,0,H,L,A,Omalizumab,3.715,3
5i5k.pdb,0,X,Y,A,Ravulizumab,4.2,3
5i5k.pdb,0,H,L,B,Ravulizumab,4.2,3
5k59.pdb,0,E,F,B,Berlimatoxumab,2.84,3
5k59.pdb,0,H,L,A,Berlimatoxumab,2.84,3
5kqv.pdb,0,P,Q,F,Valanafusp,4.4,3
5kqv.pdb,0,C,D,E,Valanafusp,4.4,3
5ngv.pdb,0,H,L,A,Bimagrumab,2.0,3
5nh3.pdb,0,I,M,B,Bimagrumab,2.35,3
5nh3.pdb,0,H,L,A,Bimagrumab,2.35,3
5sx4.pdb,0,H,L,N,Demupitamab,2.8,3
5sx4.pdb,0,J,I,M,Demupitamab,2.8,3
5sx5.pdb,0,J,K,M,Demupitamab,2.5,3
5sx5.pdb,0,H,L,N,Demupitamab,2.5,3
5tru.pdb,0,h,l,c,Nurulimab,3.0,3
5tru.pdb,0,H,L,C,Nurulimab,3.0,3
5xez.pdb,0,H,L,B,Volagidemab,3.0,3
5xez.pdb,0,C,D,A,Volagidemab,3.0,3
5xf1.pdb,0,H,L,B,Volagidemab,3.19,3
5xf1.pdb,0,C,D,A,Volagidemab,3.19,3
5xj3.pdb,0,J,K,L,Nurulimab,3.2,3
5xj3.pdb,0,A,B,C,Nurulimab,3.2,3
5xj3.pdb,0,G,H,I,Nurulimab,3.2,3
5xj3.pdb,0,D,E,F,Nurulimab,3.2,3
5xxy.pdb,0,H,L,A,Atezolizumab,2.9,3
6bgt.pdb,0,B,A,C,Zanidatamab,2.7,3
6co3.pdb,0,H,L,Q,Aducanumab,2.384,3
6obd.pdb,0,H,L,F,Gatralimab,2.2,3
6obd.pdb,0,B,A,E,Gatralimab,2.2,3
6oe5.pdb,0,H,L,A,Motavizumab,4.1,3
6oe5.pdb,0,B,C,A,Motavizumab,4.1,3
6ogx.pdb,0,C,D,G,Pogalizumab,2.77,3
6ogx.pdb,0,H,L,G,Pogalizumab,2.77,3
6ogx.pdb,0,C,D,G,Vonlerolizumab,2.77,3
6ogx.pdb,0,H,L,G,Vonlerolizumab,2.77,3
6okn.pdb,0,A,B,R,Pogalizumab,3.25,3
6okn.pdb,0,C,D,E,Pogalizumab,3.25,3
6okn.pdb,0,A,B,R,Vonlerolizumab,3.25,3
6okn.pdb,0,C,D,E,Vonlerolizumab,3.25,3
1bj1.pdb,0,H,L,W,Faricimab,2.4,2
1bj1.pdb,0,K,J,V,Faricimab,2.4,2
1bj1.pdb,0,H,L,W,Ranibizumab,2.4,2
1bj1.pdb,0,K,J,V,Ranibizumab,2.4,2
1cz8.pdb,0,Y,X,V,Bevacizumab,2.4,2
1cz8.pdb,0,H,L,W,Bevacizumab,2.4,2
1cz8.pdb,0,Y,X,V,Dilpacimab,2.4,2
1cz8.pdb,0,H,L,W,Dilpacimab,2.4,2
1n8z.pdb,0,B,A,C,Timigutuzumab,2.52,2
1n8z.pdb,0,B,A,C,Trastuzumab,2.52,2
1s78.pdb,0,F,E,B,Zanidatamab,3.25,2
1s78.pdb,0,D,C,A,Zanidatamab,3.25,2
2dtg.pdb,0,C,D,E,Valanafusp,3.8,2
2dtg.pdb,0,A,B,E,Valanafusp,3.8,2
3bdy.pdb,0,H,L,V,Zanidatamab,2.6,2
3be1.pdb,0,H,L,A,Zanidatamab,2.9,2
3bky.pdb,0,H,L,P,Zuberitamab,2.61,2
3c09.pdb,0,H,L,D,Matuzumab,3.2,2
3c09.pdb,0,C,B,A,Matuzumab,3.2,2
3eoa.pdb,0,H,L,I,Efalizumab,2.8,2
3eoa.pdb,0,B,A,J,Efalizumab,2.8,2
3eob.pdb,0,H,L,I,Efalizumab,3.6,2
3eob.pdb,0,B,A,J,Efalizumab,3.6,2
3grw.pdb,0,H,L,A,Vofatamab,2.1,2
3iu3.pdb,0,C,D,J,Basiliximab,2.9,2
3iu3.pdb,0,A,B,K,Basiliximab,2.9,2
3iu3.pdb,0,H,L,I,Basiliximab,2.9,2
3loh.pdb,0,A,B,E,Valanafusp,3.803,2
3loh.pdb,0,C,D,E,Valanafusp,3.803,2
3o2d.pdb,0,H,L,A,Ibalizumab,2.19,2
3w14.pdb,0,C,D,E,Valanafusp,4.4,2
3w14.pdb,0,P,Q,F,Valanafusp,4.4,2
3wd5.pdb,0,H,L,A,Remtolumab,3.101,2
4dn4.pdb,0,H,L,M,Carlumab,2.8,2
4g3y.pdb,0,H,L,C,Infliximab,2.6,2
4hkz.pdb,0,B,A,H,Timigutuzumab,2.08,2
4hkz.pdb,0,B,A,E,Timigutuzumab,2.08,2
4hkz.pdb,0,B,A,H,Trastuzumab,2.08,2
4hkz.pdb,0,B,A,E,Trastuzumab,2.08,2
4jhw.pdb,0,H,L,F,Nirsevimab,3.6,2
4jlr.pdb,0,H,L,S,Motavizumab,2.71,2
4jlr.pdb,0,A,B,C,Motavizumab,2.71,2
4jn2.pdb,0,H,L,L,Idarucizumab,1.71,2
4jn2.pdb,0,B,A,A,Idarucizumab,1.71,2
4kvn.pdb,0,H,L,A,Gedivumab,3.1,2
4np4.pdb,0,H,L,A,Bezlotoxumab,2.89,2
4np4.pdb,0,I,M,A,Bezlotoxumab,2.89,2
4ogx.pdb,0,H,L,A,Lanadelumab,2.4,2
4ogy.pdb,0,H,L,A,Lanadelumab,2.1,2
4ogy.pdb,0,M,N,B,Lanadelumab,2.1,2
4tuj.pdb,0,A,B,E,Dinutuximab,1.89,2
4tuj.pdb,0,C,D,F,Dinutuximab,1.89,2
4tuj.pdb,0,A,B,E,Lorukafusp,1.89,2
4tuj.pdb,0,C,D,F,Lorukafusp,1.89,2
4tuk.pdb,0,H,L,I,Dinutuximab,1.6,2
4tuk.pdb,0,H,L,I,Lorukafusp,1.6,2
4tul.pdb,0,H,L,I,Dinutuximab,1.4,2
4tul.pdb,0,H,L,I,Lorukafusp,1.4,2
4tuo.pdb,0,A,B,B,Dinutuximab,1.55,2
4tuo.pdb,0,C,D,D,Dinutuximab,1.55,2
4tuo.pdb,0,A,B,B,Lorukafusp,1.55,2
4tuo.pdb,0,C,D,D,Lorukafusp,1.55,2
4wv1.pdb,0,B,A,C,Vofatamab,2.362,2
4wv1.pdb,0,E,D,F,Vofatamab,2.362,2
5d71.pdb,0,H,L,A,Otilimab,2.25,2
5d72.pdb,0,M,N,B,Otilimab,2.6,2
5d72.pdb,0,H,L,A,Otilimab,2.6,2
5vl3.pdb,0,H,L,Q,Epratuzumab,3.1,2
5vl3.pdb,0,A,B,R,Epratuzumab,3.1,2
5vl3.pdb,0,C,D,S,Epratuzumab,3.1,2
5vl3.pdb,0,E,F,T,Epratuzumab,3.1,2
5whk.pdb,0,H,L,A,Nipocalimab,2.5,2
5whk.pdb,0,H,L,B,Nipocalimab,2.5,2
6aru.pdb,0,C,B,A,Cetuximab,3.2,2
6aru.pdb,0,C,B,A,Tomuzotuximab,3.2,2
6bft.pdb,0,A,B,G,Bevacizumab,2.55,2
6bft.pdb,0,H,L,C,Bevacizumab,2.55,2
6bft.pdb,0,A,B,G,Dilpacimab,2.55,2
6bft.pdb,0,H,L,C,Dilpacimab,2.55,2
6bft.pdb,0,A,B,G,Faricimab,2.55,2
6bft.pdb,0,H,L,C,Faricimab,2.55,2
6bft.pdb,0,A,B,G,Ranibizumab,2.55,2
6bft.pdb,0,H,L,C,Ranibizumab,2.55,2
6erx.pdb,0,F,G,B,Belimumab,2.9,2
6erx.pdb,0,D,E,A,Belimumab,2.9,2
6erx.pdb,0,H,I,C,Belimumab,2.9,2
6erx.pdb,0,O,P,L,Belimumab,2.9,2
6erx.pdb,0,M,N,J,Belimumab,2.9,2
6erx.pdb,0,Q,R,K,Belimumab,2.9,2
6oge.pdb,0,E,D,A,Trastuzumab,4.36,2
6oge.pdb,0,C,B,A,Trastuzumab,4.36,2
1cz8.pdb,0,Y,X,V,Vanucizumab,2.4,1
1cz8.pdb,0,H,L,W,Vanucizumab,2.4,1
3p0y.pdb,0,H,L,A,Duligotuzumab,1.8,1
3p11.pdb,0,H,L,A,Duligotuzumab,3.7,1
3sqo.pdb,0,H,L,A,Ralpancizumab,2.7,1
4hix.pdb,0,H,L,A,Bapineuzumab,2.204,1
4od2.pdb,0,B,A,S,Lexatumumab,3.2,1
4ojf.pdb,0,H,L,A,Bapineuzumab,1.998,1
4p59.pdb,0,H,L,A,Elgemtumab,3.4,1
6bft.pdb,0,A,B,G,Vanucizumab,2.55,1
6bft.pdb,0,H,L,C,Vanucizumab,2.55,1
6bgt.pdb,0,B,A,C,Timigutuzumab,2.7,1
6bgt.pdb,0,B,A,C,Trastuzumab,2.7,1
3bdy.pdb,0,H,L,V,Timigutuzumab,2.6,0
3bdy.pdb,0,H,L,V,Trastuzumab,2.6,0
3be1.pdb,0,H,L,A,Timigutuzumab,2.9,0
3be1.pdb,0,H,L,A,Trastuzumab,2.9,0
4hjg.pdb,0,B,A,H,Timigutuzumab,2.0,0
4hjg.pdb,0,B,A,E,Timigutuzumab,2.0,0
4hjg.pdb,0,B,A,H,Trastuzumab,2.0,0
4hjg.pdb,0,B,A,E,Trastuzumab,2.0,0
4ioi.pdb,0,B,A,H,Timigutuzumab,1.95,0
4ioi.pdb,0,B,A,E,Timigutuzumab,1.95,0
4ioi.pdb,0,B,A,H,Trastuzumab,1.95,0
4ioi.pdb,0,B,A,E,Trastuzumab,1.95,0
5u3d.pdb,0,B,A,E,Timigutuzumab,1.77,0
5u3d.pdb,0,B,A,E,Trastuzumab,1.77,0
5u5f.pdb,0,B,A,C,Timigutuzumab,1.81,0
5u5f.pdb,0,B,A,E,Timigutuzumab,1.81,0
5u5f.pdb,0,B,A,C,Trastuzumab,1.81,0
5u5f.pdb,0,B,A,E,Trastuzumab,1.81,0
5u5m.pdb,0,B,A,C,Timigutuzumab,1.88,0
5u5m.pdb,0,B,A,E,Timigutuzumab,1.88,0
5u5m.pdb,0,B,A,C,Trastuzumab,1.88,0
5u5m.pdb,0,B,A,E,Trastuzumab,1.88,0
5u6a.pdb,0,B,A,C,Timigutuzumab,1.736,0
5u6a.pdb,0,B,A,E,Timigutuzumab,1.736,0
5u6a.pdb,0,B,A,C,Trastuzumab,1.736,0
5u6a.pdb,0,B,A,E,Trastuzumab,1.736,0
6b9y.pdb,0,B,A,C,Timigutuzumab,2.14,0
6b9y.pdb,0,B,A,E,Timigutuzumab,2.14,0
6b9y.pdb,0,B,A,C,Trastuzumab,2.14,0
6b9y.pdb,0,B,A,E,Trastuzumab,2.14,0
6b9z.pdb,0,B,A,C,Timigutuzumab,1.82,0
6b9z.pdb,0,B,A,E,Timigutuzumab,1.82,0
6b9z.pdb,0,B,A,C,Trastuzumab,1.82,0
6b9z.pdb,0,B,A,E,Trastuzumab,1.82,0
6bae.pdb,0,B,A,C,Timigutuzumab,2.14,0
6bae.pdb,0,B,A,E,Timigutuzumab,2.14,0
6bae.pdb,0,B,A,C,Trastuzumab,2.14,0
6bae.pdb,0,B,A,E,Trastuzumab,2.14,0
6bah.pdb,0,B,A,C,Timigutuzumab,1.9,0
6bah.pdb,0,B,A,E,Timigutuzumab,1.9,0
6bah.pdb,0,B,A,C,Trastuzumab,1.9,0
6bah.pdb,0,B,A,E,Trastuzumab,1.9,0
6r8x.pdb,0,C,B,A,Abelacimab,2.04,0
